<?xml version="1.0" encoding="UTF-8"?>
<jcr:root xmlns:cq="http://www.day.com/jcr/cq/1.0" xmlns:jcr="http://www.jcp.org/jcr/1.0" xmlns:nt="http://www.jcp.org/jcr/nt/1.0"
    jcr:primaryType="cq:Dialog"
    width="600"
    xtype="dialog">
    <items
        jcr:primaryType="cq:Widget"
        xtype="tabpanel">
        <items jcr:primaryType="cq:WidgetCollection">
            <emergencyMessageTab
                jcr:primaryType="cq:Panel"
                title="emergencyMessageConfiguration">
                <items jcr:primaryType="cq:WidgetCollection">
                    <emergencyMessage
                        jcr:primaryType="cq:Widget"
                        fieldLabel="emergencyMessage"
                        name="./emergencyMessage"
                        xtype="richtext">
                        <rtePlugins
                            jcr:primaryType="nt:unstructured"
                            path="/apps/global/components/general/restrictedrichtext/dialog/items/tab1/items/text/rtePlugins.infinity.json"
                            xtype="cqinclude">
                         </rtePlugins>
                    </emergencyMessage>
                    <displayEmergencyMessage
                        jcr:primaryType="cq:Widget"
                        defaultValue="false"
                        fieldLabel="displayEmergencyMessage"
                        name="./displayEmergencyMessage"
                        type="radio"
                        value="false"
                        xtype="selection">
                        <options jcr:primaryType="cq:WidgetCollection">
                            <yes
                                jcr:primaryType="nt:unstructured"
                                text="emergencyMessageDisplayYesOption"
                                value="true"/>
                            <no
                                jcr:primaryType="nt:unstructured"
                                text="emergencyMessageDisplayNoOption"
                                value="false"/>
                        </options>
                    </displayEmergencyMessage>
                    <emergencyMessageColor
                        jcr:primaryType="cq:Widget"
                        defaultValue="red"
                        fieldLabel="emergencyMessageColor"
                        name="./emergencyMessageColor"
                        type="select"
                        value="red"
                        xtype="selection">
                        <options jcr:primaryType="cq:WidgetCollection">
                            <red
                                jcr:primaryType="nt:unstructured"
                                text="emergencyMessageRedColor"
                                value="red"/>
                            <green
                                jcr:primaryType="nt:unstructured"
                                text="emergencyMessageGreenColor"
                                value="green"/>
                            <orange
                                jcr:primaryType="nt:unstructured"
                                text="emergencyMessageOrangeColor"
                                value="orange"/>
                        </options>
                    </emergencyMessageColor>
                        <emergencyTextColor
                        jcr:primaryType="cq:Widget"
                        fieldLabel="emergencyTextColor"
                        name="./emergencyTextColor"
                        xtype="colorfield">
                    </emergencyTextColor>
                    <emergencyCloseButton
                        jcr:primaryType="cq:Widget"
                        fieldLabel="closeButtonLabel"
                        inputValue="true"
                        name="./emergencyCloseButton"
                        type="checkbox"
                        xtype="selection"/>
                    <emergencyAcceptTitle
                        jcr:primaryType="cq:Widget"
                        fieldLabel="emergencyAcceptTitleText"
                        name="./emergencyAcceptTitle"
                        xtype="textfield"/>
                   	<customerServiceUtilities
                        jcr:primaryType="cq:Widget"
                        fieldLabel="emergencyCustomerServiceUtilitiy"
                        name="./customerServiceUtility"
                        regex="/^@csc_[(A-Za-z0-9)]*(@)$/"
                        xtype="textfield"/>
                </items>
            </emergencyMessageTab>
        </items>
    </items>
</jcr:root>
