<?xml version="1.0" encoding="UTF-8"?>
<jcr:root xmlns:cq="http://www.day.com/jcr/cq/1.0" xmlns:jcr="http://www.jcp.org/jcr/1.0"
    jcr:primaryType="cq:Dialog"
    width="700"
    xtype="dialog">
    <items
        jcr:primaryType="cq:Widget"
        xtype="tabpanel">
        <items jcr:primaryType="cq:WidgetCollection">
            <jspanel
                jcr:primaryType="cq:Panel"
                title="sitecatjsPanelTitle">
                <items jcr:primaryType="cq:WidgetCollection">
                    <pageLevelJsLibraries
                        jcr:primaryType="cq:Widget"
                        name="./pageLevelSitecatJsLibraries"
                        xtype="multicompositefield">
                        <fieldConfigs jcr:primaryType="cq:WidgetCollection">
                            <jsLibraries
                                jcr:primaryType="cq:Widget"
                                fieldDescription="sitecatjsLibraryDescription"
                                fieldLabel="sitecatjsLibrary"
                                name="jsLibraries"
                                options="$PATH.jsLibraries.json"
                                optionsRoot="option"
                                optionsTextField="label"
                                optionsValueField="value"
                                type="select"
                                width="300"
                                xtype="selection"/>
                            <enableLibrary
                                jcr:primaryType="cq:Widget"
                                fieldDescription="sitecatjsenabledisableDescription"
                                fieldLabel="sitecatjsenabledisableLabel"
                                name="enableLibrary"
                                type="checkbox"
                                xtype="selection"/>
                            <pagePath
                                jcr:primaryType="cq:Widget"
                                fieldDescription="sitecatjspagesDescription"
                                fieldLabel="sitecatjspagesLabel"
                                name="pagePath"
                                xtype="multifield">
                                <fieldConfig
                                    jcr:primaryType="cq:Widget"
                                    name="jspage"
                                    width="155"
                                    xtype="pathfield"/>
                            </pagePath>
                        </fieldConfigs>
                    </pageLevelJsLibraries>
                </items>
            </jspanel>
        </items>
    </items>
</jcr:root>
