<?xml version="1.0" encoding="UTF-8"?>
<jcr:root xmlns:cq="http://www.day.com/jcr/cq/1.0" xmlns:jcr="http://www.jcp.org/jcr/1.0"
    jcr:primaryType="cq:Dialog"
    width="700"
    xtype="dialog">
    <items
        jcr:primaryType="cq:Widget"
        xtype="tabpanel">
        <items jcr:primaryType="cq:WidgetCollection">
            <tagpanel
                jcr:primaryType="cq:Panel"
                title="External URLs Whitelist Properties">
                <items jcr:primaryType="cq:WidgetCollection">
                    <externalUrlList
                        jcr:primaryType="cq:Widget"
                        fieldLabel="externalUrl"
                        name="./externalWhitelistUrls"
                        xtype="multifield">
                        <fieldConfigs jcr:primaryType="cq:WidgetCollection">
                            <Url
                                jcr:primaryType="cq:Widget"
                                fieldLabel="External URLs Whitelist Fields"
                                name="externalUrlList"
                                width="300"
                                xtype="textfield"/>
                        </fieldConfigs>
                    </externalUrlList>
                </items>
            </tagpanel>
        </items>
    </items>
</jcr:root>
