<?xml version="1.0" encoding="UTF-8"?>
<jcr:root xmlns:sling="http://sling.apache.org/jcr/sling/1.0" xmlns:cq="http://www.day.com/jcr/cq/1.0" xmlns:jcr="http://www.jcp.org/jcr/1.0" xmlns:nt="http://www.jcp.org/jcr/nt/1.0"
    jcr:primaryType="nt:unstructured"
    jcr:title="geopickerTitle"
    sling:resourceType="cq/gui/components/authoring/dialog"
    mode="edit">
    <content
        jcr:primaryType="nt:unstructured"
        sling:resourceType="granite/ui/components/foundation/container">
        <items jcr:primaryType="nt:unstructured">
            <columns
                jcr:primaryType="nt:unstructured"
                sling:resourceType="granite/ui/components/foundation/container">
                <layout
                    jcr:primaryType="nt:unstructured"
                    sling:resourceType="granite/ui/components/foundation/layouts/fixedcolumns"/>
                <items jcr:primaryType="nt:unstructured">
                    <title
                        jcr:primaryType="nt:unstructured"
                        sling:resourceType="granite/ui/components/foundation/form/textfield"
                        fieldLabel="geopickerSelectTitle"
                        name="./title"
                        renderReadOnly="{Boolean}true"/>
                    <geopickerRegion1
                        jcr:primaryType="nt:unstructured"
                        sling:resourceType="granite/ui/components/foundation/form/fieldset"
                        title="geopickerRegion">
                        <items jcr:primaryType="nt:unstructured">
                            <regionTitle
                                jcr:primaryType="nt:unstructured"
                                sling:resourceType="granite/ui/components/foundation/form/textfield"
                                fieldLabel="geopickerRegionTitle"
                                name="./regionTitle1"
                                renderReadOnly="{Boolean}true"/>
                            <countries
                                jcr:primaryType="nt:unstructured"
                                sling:resourceType="granite/ui/components/foundation/form/custommultifield"
                                fieldLabel="geopickerCountries"
                                name="./countries1"
                                renderReadOnly="{Boolean}true">
                                <fieldConfig jcr:primaryType="nt:unstructured">
                                    <countryText
                                        jcr:primaryType="nt:unstructured"
                                        sling:resourceType="granite/ui/components/foundation/form/textfield"
                                        fieldLabel="geopickerCountryText"
                                        name="./countryText1"
                                        renderReadOnly="{Boolean}true"/>
                                    <countryUrl
                                        jcr:primaryType="nt:unstructured"
                                        sling:resourceType="granite/ui/components/foundation/form/pathbrowser"
                                        fieldLabel="geopickerCountryURL"
                                        name="./countryUrl1"
                                        renderReadOnly="{Boolean}true"/>
                                </fieldConfig>
                            </countries>
                        </items>
                    </geopickerRegion1>
                    <geopickerRegion2
                        jcr:primaryType="nt:unstructured"
                        sling:resourceType="granite/ui/components/foundation/form/fieldset"
                        title="geopickerRegion">
                        <items jcr:primaryType="nt:unstructured">
                            <regionTitle
                                jcr:primaryType="nt:unstructured"
                                sling:resourceType="granite/ui/components/foundation/form/textfield"
                                fieldLabel="geopickerRegionTitle"
                                name="./regionTitle2"
                                renderReadOnly="{Boolean}true"/>
                            <countries
                                jcr:primaryType="nt:unstructured"
                                sling:resourceType="granite/ui/components/foundation/form/custommultifield"
                                fieldLabel="geopickerCountries"
                                name="./countries2"
                                renderReadOnly="{Boolean}true">
                                <fieldConfig jcr:primaryType="nt:unstructured">
                                    <countryText
                                        jcr:primaryType="nt:unstructured"
                                        sling:resourceType="granite/ui/components/foundation/form/textfield"
                                        fieldLabel="geopickerCountryText"
                                        name="./countryText2"
                                        renderReadOnly="{Boolean}true"/>
                                    <countryUrl
                                        jcr:primaryType="nt:unstructured"
                                        sling:resourceType="granite/ui/components/foundation/form/pathbrowser"
                                        fieldLabel="geopickerCountryURL"
                                        name="./countryUrl2"
                                        renderReadOnly="{Boolean}true"/>
                                </fieldConfig>
                            </countries>
                        </items>
                    </geopickerRegion2>
                    <geopickerRegion3
                        jcr:primaryType="nt:unstructured"
                        sling:resourceType="granite/ui/components/foundation/form/fieldset"
                        title="geopickerRegion">
                        <items jcr:primaryType="nt:unstructured">
                            <regionTitle
                                jcr:primaryType="nt:unstructured"
                                sling:resourceType="granite/ui/components/foundation/form/textfield"
                                fieldLabel="geopickerRegionTitle"
                                name="./regionTitle3"
                                renderReadOnly="{Boolean}true"/>
                            <countries
                                jcr:primaryType="nt:unstructured"
                                sling:resourceType="granite/ui/components/foundation/form/custommultifield"
                                fieldLabel="geopickerCountries"
                                name="./countries3"
                                renderReadOnly="{Boolean}true">
                                <fieldConfig jcr:primaryType="nt:unstructured">
                                    <countryText
                                        jcr:primaryType="nt:unstructured"
                                        sling:resourceType="granite/ui/components/foundation/form/textfield"
                                        fieldLabel="geopickerCountryText"
                                        name="./countryText3"
                                        renderReadOnly="{Boolean}true"/>
                                    <countryUrl
                                        jcr:primaryType="nt:unstructured"
                                        sling:resourceType="granite/ui/components/foundation/form/pathbrowser"
                                        fieldLabel="geopickerCountryURL"
                                        name="./countryUrl3"
                                        renderReadOnly="{Boolean}true"/>
                                </fieldConfig>
                            </countries>
                        </items>
                    </geopickerRegion3>
                    <geopickerRegion4
                        jcr:primaryType="nt:unstructured"
                        sling:resourceType="granite/ui/components/foundation/form/fieldset"
                        title="geopickerRegion">
                        <items jcr:primaryType="nt:unstructured">
                            <regionTitle
                                jcr:primaryType="nt:unstructured"
                                sling:resourceType="granite/ui/components/foundation/form/textfield"
                                fieldLabel="geopickerRegionTitle"
                                name="./regionTitle4"
                                renderReadOnly="{Boolean}true"/>
                            <countries
                                jcr:primaryType="nt:unstructured"
                                sling:resourceType="granite/ui/components/foundation/form/custommultifield"
                                fieldLabel="geopickerCountries"
                                name="./countries4"
                                renderReadOnly="{Boolean}true">
                                <fieldConfig jcr:primaryType="nt:unstructured">
                                    <countryText
                                        jcr:primaryType="nt:unstructured"
                                        sling:resourceType="granite/ui/components/foundation/form/textfield"
                                        fieldLabel="geopickerCountryText"
                                        name="./countryText4"
                                        renderReadOnly="{Boolean}true"/>
                                    <countryUrl
                                        jcr:primaryType="nt:unstructured"
                                        sling:resourceType="granite/ui/components/foundation/form/pathbrowser"
                                        fieldLabel="geopickerCountryURL"
                                        name="./countryUrl4"
                                        renderReadOnly="{Boolean}true"/>
                                </fieldConfig>
                            </countries>
                        </items>
                    </geopickerRegion4>
                    <geopickerRegion5
                        jcr:primaryType="nt:unstructured"
                        sling:resourceType="granite/ui/components/foundation/form/fieldset"
                        title="geopickerRegion">
                        <items jcr:primaryType="nt:unstructured">
                            <regionTitle
                                jcr:primaryType="nt:unstructured"
                                sling:resourceType="granite/ui/components/foundation/form/textfield"
                                fieldLabel="geopickerRegionTitle"
                                name="./regionTitle5"
                                renderReadOnly="{Boolean}true"/>
                            <countries
                                jcr:primaryType="nt:unstructured"
                                sling:resourceType="granite/ui/components/foundation/form/custommultifield"
                                fieldLabel="geopickerCountries"
                                name="./countries5"
                                renderReadOnly="{Boolean}true">
                                <fieldConfig jcr:primaryType="nt:unstructured">
                                    <countryText
                                        jcr:primaryType="nt:unstructured"
                                        sling:resourceType="granite/ui/components/foundation/form/textfield"
                                        fieldLabel="geopickerCountryText"
                                        name="./countryText5"
                                        renderReadOnly="{Boolean}true"/>
                                    <countryUrl
                                        jcr:primaryType="nt:unstructured"
                                        sling:resourceType="granite/ui/components/foundation/form/pathbrowser"
                                        fieldLabel="geopickerCountryURL"
                                        name="./countryUrl5"
                                        renderReadOnly="{Boolean}true"/>
                                </fieldConfig>
                            </countries>
                        </items>
                    </geopickerRegion5>
                    <geopickerRegion6
                        jcr:primaryType="nt:unstructured"
                        sling:resourceType="granite/ui/components/foundation/form/fieldset"
                        title="geopickerRegion">
                        <items jcr:primaryType="nt:unstructured">
                            <regionTitle
                                jcr:primaryType="nt:unstructured"
                                sling:resourceType="granite/ui/components/foundation/form/textfield"
                                fieldLabel="geopickerRegionTitle"
                                name="./regionTitle6"
                                renderReadOnly="{Boolean}true"/>
                            <countries
                                jcr:primaryType="nt:unstructured"
                                sling:resourceType="granite/ui/components/foundation/form/custommultifield"
                                fieldLabel="geopickerCountries"
                                name="./countries6"
                                renderReadOnly="{Boolean}true">
                                <fieldConfig jcr:primaryType="nt:unstructured">
                                    <countryText
                                        jcr:primaryType="nt:unstructured"
                                        sling:resourceType="granite/ui/components/foundation/form/textfield"
                                        fieldLabel="geopickerCountryText"
                                        name="./countryText6"
                                        renderReadOnly="{Boolean}true"/>
                                    <countryUrl
                                        jcr:primaryType="nt:unstructured"
                                        sling:resourceType="granite/ui/components/foundation/form/pathbrowser"
                                        fieldLabel="geopickerCountryURL"
                                        name="./countryUrl6"
                                        renderReadOnly="{Boolean}true"/>
                                </fieldConfig>
                            </countries>
                        </items>
                    </geopickerRegion6>
                    <geopickerRegion7
                        jcr:primaryType="nt:unstructured"
                        sling:resourceType="granite/ui/components/foundation/form/fieldset"
                        title="geopickerRegion">
                        <items jcr:primaryType="nt:unstructured">
                            <regionTitle
                                jcr:primaryType="nt:unstructured"
                                sling:resourceType="granite/ui/components/foundation/form/textfield"
                                fieldLabel="geopickerRegionTitle"
                                name="./regionTitle7"
                                renderReadOnly="{Boolean}true"/>
                            <countries
                                jcr:primaryType="nt:unstructured"
                                sling:resourceType="granite/ui/components/foundation/form/custommultifield"
                                fieldLabel="geopickerCountries"
                                name="./countries7"
                                renderReadOnly="{Boolean}true">
                                <fieldConfig jcr:primaryType="nt:unstructured">
                                    <countryText
                                        jcr:primaryType="nt:unstructured"
                                        sling:resourceType="granite/ui/components/foundation/form/textfield"
                                        fieldLabel="geopickerCountryText"
                                        name="./countryText7"
                                        renderReadOnly="{Boolean}true"/>
                                    <countryUrl
                                        jcr:primaryType="nt:unstructured"
                                        sling:resourceType="granite/ui/components/foundation/form/pathbrowser"
                                        fieldLabel="geopickerCountryURL"
                                        name="./countryUrl7"
                                        renderReadOnly="{Boolean}true"/>
                                </fieldConfig>
                            </countries>
                        </items>
                    </geopickerRegion7>
                    <geopickerRegion8
                        jcr:primaryType="nt:unstructured"
                        sling:resourceType="granite/ui/components/foundation/form/fieldset"
                        title="geopickerRegion">
                        <items jcr:primaryType="nt:unstructured">
                            <regionTitle
                                jcr:primaryType="nt:unstructured"
                                sling:resourceType="granite/ui/components/foundation/form/textfield"
                                fieldLabel="geopickerRegionTitle"
                                name="./regionTitle8"
                                renderReadOnly="{Boolean}true"/>
                            <countries
                                jcr:primaryType="nt:unstructured"
                                sling:resourceType="granite/ui/components/foundation/form/custommultifield"
                                fieldLabel="geopickerCountries"
                                name="./countries8"
                                renderReadOnly="{Boolean}true">
                                <fieldConfig jcr:primaryType="nt:unstructured">
                                    <countryText
                                        jcr:primaryType="nt:unstructured"
                                        sling:resourceType="granite/ui/components/foundation/form/textfield"
                                        fieldLabel="geopickerCountryText"
                                        name="./countryText8"
                                        renderReadOnly="{Boolean}true"/>
                                    <countryUrl
                                        jcr:primaryType="nt:unstructured"
                                        sling:resourceType="granite/ui/components/foundation/form/pathbrowser"
                                        fieldLabel="geopickerCountryURL"
                                        name="./countryUrl8"
                                        renderReadOnly="{Boolean}true"/>
                                </fieldConfig>
                            </countries>
                        </items>
                    </geopickerRegion8>
                </items>
            </columns>
        </items>
    </content>
</jcr:root>
