<?xml version="1.0" encoding="UTF-8"?>
<jcr:root xmlns:sling="http://sling.apache.org/jcr/sling/1.0" xmlns:cq="http://www.day.com/jcr/cq/1.0" xmlns:jcr="http://www.jcp.org/jcr/1.0" xmlns:nt="http://www.jcp.org/jcr/nt/1.0"
    jcr:primaryType="nt:unstructured"
    jcr:title="ImageTiles Component"
    sling:resourceType="cq/gui/components/authoring/dialog"
    mode="edit">
    <content
        jcr:primaryType="nt:unstructured"
        sling:resourceType="granite/ui/components/foundation/container">
        <items jcr:primaryType="nt:unstructured">
            <columns
                jcr:primaryType="nt:unstructured"
                sling:resourceType="granite/ui/components/foundation/container">
                <layout
                    jcr:primaryType="nt:unstructured"
                    sling:resourceType="granite/ui/components/foundation/layouts/fixedcolumns"/>
                <items jcr:primaryType="nt:unstructured">
                    <tabs
                        jcr:primaryType="nt:unstructured"
                        sling:resourceType="granite/ui/components/foundation/container">
                        <layout
                            jcr:primaryType="nt:unstructured"
                            sling:resourceType="granite/ui/components/foundation/layouts/tabs"
                            active="{Boolean}true"
                            type="nav"/>
                        <items jcr:primaryType="nt:unstructured">
                            <tab1
                                jcr:primaryType="nt:unstructured"
                                jcr:title="Tab 1"
                                sling:resourceType="granite/ui/components/foundation/section">
                                <items jcr:primaryType="nt:unstructured">
                                    <image
                                        jcr:primaryType="nt:unstructured"
                                        sling:resourceType="granite/ui/components/foundation/form/fileupload"
                                        autoStart="{Boolean}false"
                                        class="cq-droptarget"
                                        dropZone="{Boolean}true"
                                        fieldLabel="image1"
                                        fileNameParameter="./image1/fileName"
                                        fileReferenceParameter="./image1FileReference"
                                        mimeTypes="[image]"
                                        multiple="{Boolean}false"
                                        name="./image1FileReference"
                                        title="Image 1"
                                        uploadUrl="${suffix.path}"
                                        useHTML5="{Boolean}true"/>
                                    <image1Alt
                                        jcr:primaryType="nt:unstructured"
                                        sling:resourceType="granite/ui/components/foundation/form/textfield"
                                        fieldLabel="image1Alt"
                                        name="./image1Alt"/>
                                    <url1
                                        jcr:primaryType="nt:unstructured"
                                        sling:resourceType="granite/ui/components/foundation/form/pathbrowser"
                                        fieldLabel="url1"
                                        name="./url1"/>
                                </items>
                            </tab1>
                            <tab2
                                jcr:primaryType="nt:unstructured"
                                jcr:title="Tab 2"
                                sling:resourceType="granite/ui/components/foundation/section">
                                <items jcr:primaryType="nt:unstructured">
                                    <image
                                        jcr:primaryType="nt:unstructured"
                                        sling:resourceType="granite/ui/components/foundation/form/fileupload"
                                        autoStart="{Boolean}false"
                                        class="cq-droptarget"
                                        dropZone="{Boolean}true"
                                        fieldLabel="image2"
                                        fileNameParameter="./image2/fileName"
                                        fileReferenceParameter="./image2FileReference"
                                        mimeTypes="[image]"
                                        multiple="{Boolean}false"
                                        name="./image2FileReference"
                                        title="Image 2"
                                        uploadUrl="${suffix.path}"
                                        useHTML5="{Boolean}true"/>
                                    <image2Alt
                                        jcr:primaryType="nt:unstructured"
                                        sling:resourceType="granite/ui/components/foundation/form/textfield"
                                        fieldLabel="image2Alt"
                                        name="./image2Alt"/>
                                    <url2
                                        jcr:primaryType="nt:unstructured"
                                        sling:resourceType="granite/ui/components/foundation/form/pathbrowser"
                                        fieldLabel="url2"
                                        name="./url2"/>
                                </items>
                            </tab2>
                            <tab3
                                jcr:primaryType="nt:unstructured"
                                jcr:title="Tab 3"
                                sling:resourceType="granite/ui/components/foundation/section">
                                <items jcr:primaryType="nt:unstructured">
                                    <image
                                        jcr:primaryType="nt:unstructured"
                                        sling:resourceType="granite/ui/components/foundation/form/fileupload"
                                        autoStart="{Boolean}false"
                                        class="cq-droptarget"
                                        dropZone="{Boolean}true"
                                        fieldLabel="image3"
                                        fileNameParameter="./image3/fileName"
                                        fileReferenceParameter="./image3FileReference"
                                        mimeTypes="[image]"
                                        multiple="{Boolean}false"
                                        name="./image3FileReference"
                                        title="Image 3"
                                        uploadUrl="${suffix.path}"
                                        useHTML5="{Boolean}true"/>
                                    <image3Alt
                                        jcr:primaryType="nt:unstructured"
                                        sling:resourceType="granite/ui/components/foundation/form/textfield"
                                        fieldLabel="image3Alt"
                                        name="./image3Alt"/>
                                    <url3
                                        jcr:primaryType="nt:unstructured"
                                        sling:resourceType="granite/ui/components/foundation/form/pathbrowser"
                                        fieldLabel="url3"
                                        name="./url3"/>
                                </items>
                            </tab3>
                        </items>
                    </tabs>
                </items>
            </columns>
        </items>
    </content>
</jcr:root>
