<?xml version="1.0" encoding="UTF-8"?>
<jcr:root xmlns:sling="http://sling.apache.org/jcr/sling/1.0" xmlns:cq="http://www.day.com/jcr/cq/1.0" xmlns:jcr="http://www.jcp.org/jcr/1.0" xmlns:nt="http://www.jcp.org/jcr/nt/1.0"
    jcr:primaryType="nt:unstructured"
    jcr:title="damwhitelistconfigJcrTitle"
    sling:resourceType="cq/gui/components/authoring/dialog"
    mode="edit">
    <content
        jcr:primaryType="nt:unstructured"
        sling:resourceType="granite/ui/components/foundation/container">
        <items jcr:primaryType="nt:unstructured">
            <columns
                jcr:primaryType="nt:unstructured"
                sling:resourceType="granite/ui/components/foundation/container">
                <layout
                    jcr:primaryType="nt:unstructured"
                    sling:resourceType="granite/ui/components/foundation/layouts/fixedcolumns"/>
                <items jcr:primaryType="nt:unstructured">
                    <tabs
                        jcr:primaryType="nt:unstructured"
                        sling:resourceType="granite/ui/components/foundation/container">
                        <layout
                            jcr:primaryType="nt:unstructured"
                            sling:resourceType="granite/ui/components/foundation/layouts/tabs"
                            type="nav"/>
                        <items jcr:primaryType="nt:unstructured">
                            <tab_properties
                                jcr:primaryType="nt:unstructured"
                                jcr:title="damwhitelistconfigJcrTitle"
                                sling:resourceType="granite/ui/components/foundation/section">
                                <layout
                                    jcr:primaryType="nt:unstructured"
                                    sling:resourceType="granite/ui/components/foundation/layouts/fixedcolumns"/>
                                <items jcr:primaryType="nt:unstructured">
                                    <column
                                        jcr:primaryType="nt:unstructured"
                                        sling:resourceType="granite/ui/components/foundation/container">
                                        <items jcr:primaryType="nt:unstructured">
                                            <fileExtension
                                                jcr:primaryType="nt:unstructured"
                                                sling:resourceType="granite/ui/components/foundation/form/textfield"
                                                emptyText="damwhitelistconfigFileExtension"
                                                fieldLabel="damwhitelistconfigFileExtension"
                                                name="./fileExtension"
                                                renderReadOnly="{Boolean}true"
                                                required="true"/>
                                            <allowedPath
                                                jcr:primaryType="nt:unstructured"
                                                sling:resourceType="granite/ui/components/foundation/form/pathbrowser"
                                                emptyText="damwhitelistconfigAllowedPath"
                                                fieldDescriptiom="damwhitelistconfigAllowedPathDescription"
                                                fieldLabel="damwhitelistconfigAllowedPath"
                                                name="./allowedPath"
                                                renderReadOnly="{Boolean}true"
                                                required="true"/>
                                            <includeDescendants
                                                jcr:primaryType="nt:unstructured"
                                                sling:resourceType="granite/ui/components/foundation/form/fieldset"
                                                fieldDescriptiom="damwhitelistconfigIncludeDescendantsDescription"
                                                fieldLabel="damwhitelistconfigIncludeDescendants"
                                                renderReadOnly="{Boolean}true">
                                                <items jcr:primaryType="nt:unstructured">
                                                    <yes
                                                        jcr:primaryType="nt:unstructured"
                                                        sling:resourceType="granite/ui/components/foundation/form/radio"
                                                        checked="{Boolean}true"
                                                        name="./includeDecendants"
                                                        text="yesText"
                                                        value="yes"/>
                                                    <no
                                                        jcr:primaryType="nt:unstructured"
                                                        sling:resourceType="granite/ui/components/foundation/form/radio"
                                                        name="./includeDecendants"
                                                        text="noText"
                                                        value="no"/>
                                                </items>
                                            </includeDescendants>
                                        </items>
                                    </column>
                                </items>
                            </tab_properties>
                        </items>
                    </tabs>
                </items>
            </columns>
        </items>
    </content>
</jcr:root>
