<?xml version="1.0" encoding="UTF-8"?>
<jcr:root xmlns:sling="http://sling.apache.org/jcr/sling/1.0" xmlns:cq="http://www.day.com/jcr/cq/1.0" xmlns:jcr="http://www.jcp.org/jcr/1.0" xmlns:nt="http://www.jcp.org/jcr/nt/1.0"
    jcr:primaryType="nt:unstructured"
    jcr:title="headerLogo"
    sling:resourceType="cq/gui/components/authoring/dialog"
    helpPath="en/cq/current/wcm/default_components.html#Header Logo"
    mode="edit">
    <content
        jcr:primaryType="nt:unstructured"
        sling:resourceType="granite/ui/components/foundation/container">
        <items jcr:primaryType="nt:unstructured">
            <columns
                jcr:primaryType="nt:unstructured"
                sling:resourceType="granite/ui/components/foundation/container">
                <layout
                    jcr:primaryType="nt:unstructured"
                    sling:resourceType="granite/ui/components/foundation/layouts/fixedcolumns"/>
                <items jcr:primaryType="nt:unstructured">
                    <tabs
                        jcr:primaryType="nt:unstructured"
                        jcr:title="headerLogoTab"
                        sling:resourceType="granite/ui/components/foundation/container">
                        <layout
                            jcr:primaryType="nt:unstructured"
                            sling:resourceType="granite/ui/components/foundation/layouts/tabs"
                            type="nav"/>
                        <items jcr:primaryType="nt:unstructured">
                            <logo
                                jcr:primaryType="nt:unstructured"
                                jcr:title="headerLogoTab"
                                sling:resourceType="granite/ui/components/foundation/section">
                                <items jcr:primaryType="nt:unstructured">
                                    <image
                                        jcr:primaryType="nt:unstructured"
                                        sling:resourceType="granite/ui/components/foundation/form/pathbrowser"
                                        autoStart="{Boolean}false"
                                        class="cq-droptarget"
                                        dropZone="{Boolean}true"
                                        fieldLabel="headerLogo"
                                        fileNameParameter="./fileName"
                                        fileReferenceParameter="./imageReference"
                                        mimeTypes="[image]"
                                        multiple="{Boolean}false"
                                        name="./imageReference"
                                        title="Header Logo Image Asset"
                                        uploadUrl="${suffix.path}"
                                        useHTML5="{Boolean}true"/>
				    <logoAltText
                                        jcr:primaryType="nt:unstructured"
                                        sling:resourceType="granite/ui/components/foundation/form/textfield"
                                        fieldLabel="headerLogoAltText"
                                        name="./logoAltText"/>
                                    <logoUrl
                                        jcr:primaryType="nt:unstructured"
                                        sling:resourceType="granite/ui/components/foundation/form/pathbrowser"
                                        fieldLabel="headerLogoUrl"
                                        name="./logoUrl"/>
                                    <logoTitleText
                                        jcr:primaryType="nt:unstructured"
                                        sling:resourceType="granite/ui/components/foundation/form/textfield"
                                        fieldLabel="headerLogoTitleText"
                                        name="./logoTitleText"/>
                                    <useInherited
                                        jcr:primaryType="nt:unstructured"
                                        sling:resourceType="granite/ui/components/foundation/form/fieldset"
                                        text="headerLogoUseInherited">
                                        <items jcr:primaryType="nt:unstructured">
                                            <true
                                                jcr:primaryType="nt:unstructured"
                                                sling:resourceType="granite/ui/components/foundation/form/radio"
                                                checked="{Boolean}true"
                                                name="./useInherited"
                                                text="Yes"
                                                value="true"/>
                                            <false
                                                jcr:primaryType="nt:unstructured"
                                                sling:resourceType="granite/ui/components/foundation/form/radio"
                                                name="./useInherited"
                                                text="No"
                                                value="false"/>
                                        </items>
                                    </useInherited>
                                </items>
                            </logo>
                        </items>
                    </tabs>
                </items>
            </columns>
        </items>
    </content>
</jcr:root>
