<?xml version="1.0" encoding="UTF-8"?>
<jcr:root xmlns:sling="http://sling.apache.org/jcr/sling/1.0" xmlns:cq="http://www.day.com/jcr/cq/1.0" xmlns:jcr="http://www.jcp.org/jcr/1.0" xmlns:nt="http://www.jcp.org/jcr/nt/1.0"
    jcr:primaryType="nt:unstructured"
    jcr:title="inpagetitleComponentTitle"
    sling:resourceType="cq/gui/components/authoring/dialog"
    mode="edit">
    <content
        jcr:primaryType="nt:unstructured"
        sling:resourceType="granite/ui/components/foundation/container">
        <items jcr:primaryType="nt:unstructured">
            <columns
                jcr:primaryType="nt:unstructured"
                sling:resourceType="granite/ui/components/foundation/container">
                <layout
                    jcr:primaryType="nt:unstructured"
                    sling:resourceType="granite/ui/components/foundation/layouts/fixedcolumns"/>
                <items jcr:primaryType="nt:unstructured">
                    <tabs
                        jcr:primaryType="nt:unstructured"
                        sling:resourceType="granite/ui/components/foundation/container">
                        <layout
                            jcr:primaryType="nt:unstructured"
                            sling:resourceType="granite/ui/components/foundation/layouts/tabs"
                            type="nav"/>
                        <items
                            jcr:primaryType="nt:unstructured"
                            class="s1txt">
                            <tab_properties
                                jcr:primaryType="nt:unstructured"
                                jcr:title="inpagetitleComponentTitle"
                                sling:resourceType="granite/ui/components/foundation/section">
                                <layout
                                    jcr:primaryType="nt:unstructured"
                                    sling:resourceType="granite/ui/components/foundation/layouts/fixedcolumns"/>
                                <items jcr:primaryType="nt:unstructured">
                                    <column
                                        jcr:primaryType="nt:unstructured"
                                        sling:resourceType="granite/ui/components/foundation/container">
                                        <items jcr:primaryType="nt:unstructured">
                                            <sectionTitle
                                                jcr:primaryType="nt:unstructured"
                                                sling:resourceType="granite/ui/components/foundation/form/textfield"
                                                fieldLabel="inpagetitleSectionTitle"
                                                name="./sectionTitle"/>
                                            <heading
                                                jcr:primaryType="nt:unstructured"
                                                sling:resourceType="granite/ui/components/foundation/form/dropdown"
                                                fieldLabel="inpagetitleHeading"
                                                name="./heading"
                                                value="h2">
                                                <items jcr:primaryType="nt:unstructured">
                                                    <h1
                                                        jcr:primaryType="nt:unstructured"
                                                        text="H1"
                                                        value="h1"/>
                                                    <h2
                                                        jcr:primaryType="nt:unstructured"
                                                        text="H2"
                                                        value="h2"/>
                                                </items>
                                            </heading>
                                            <stickyLinkText
                                                jcr:primaryType="nt:unstructured"
                                                sling:resourceType="granite/ui/components/foundation/form/textfield"
                                                fieldLabel="inpagetitleStickyLinkText"
                                                name="./stickyLinkText"/>
                                            <horizontalRule
                                                jcr:primaryType="nt:unstructured"
                                                jcr:title="inpagetitleHorizontalRule"
                                                sling:resourceType="granite/ui/components/foundation/form/fieldset">
                                                <items jcr:primaryType="nt:unstructured">
                                                    <yes
                                                        jcr:primaryType="nt:unstructured"
                                                        sling:resourceType="granite/ui/components/foundation/form/radio"
                                                        checked="{Boolean}true"
                                                        name="./horizontalRule"
                                                        text="Yes"
                                                        value="yes"/>
                                                    <no
                                                        jcr:primaryType="nt:unstructured"
                                                        sling:resourceType="granite/ui/components/foundation/form/radio"
                                                        name="./horizontalRule"
                                                        text="No"
                                                        value="no"/>
                                                </items>
                                            </horizontalRule>
                                        </items>
                                    </column>
                                </items>
                            </tab_properties>
                        </items>
                    </tabs>
                </items>
            </columns>
        </items>
    </content>
</jcr:root>
