<?xml version="1.0" encoding="UTF-8"?>
<jcr:root xmlns:cq="http://www.day.com/jcr/cq/1.0" xmlns:jcr="http://www.jcp.org/jcr/1.0" xmlns:nt="http://www.jcp.org/jcr/nt/1.0"
    jcr:primaryType="cq:Dialog"
    width="800"
    xtype="dialog">
    <items
        jcr:primaryType="cq:Widget"
        xtype="tabpanel">
        <items jcr:primaryType="cq:WidgetCollection">
            <tab
                jcr:primaryType="cq:Panel"
                title="accordionTabTitle">
                <items jcr:primaryType="cq:WidgetCollection">
                    <expandAllText
                        jcr:primaryType="cq:Widget"
                        allowBlank="{Boolean}false"
                        fieldLabel="accordionExpandAll"
                        name="./expandAll"
                        xtype="textfield"/>
                    <expandAllTitle
                        jcr:primaryType="cq:Widget"
                        fieldLabel="expandAllTitle"
                        name="./expandAllTitle"
                        xtype="textfield"/>
                    <collapseAllText
                        jcr:primaryType="cq:Widget"
                        allowBlank="{Boolean}false"
                        fieldLabel="accordionCollapseAll"
                        name="./collapseAll"
                        xtype="textfield"/>
                    <collapseAllTitle
                        jcr:primaryType="cq:Widget"
                        fieldLabel="collapseAllTitle"
                        name="./collapseAllTitle"
                        xtype="textfield"/>
                    <labels
                        jcr:primaryType="cq:Widget"
                        fieldLabel="accordionLabels"
                        id="labels"
                        name="./labels"
                        xtype="multicompositefield">
                        <fieldConfigs jcr:primaryType="cq:WidgetCollection">
                            <label
                                jcr:primaryType="cq:Widget"
                                allowBlank="{Boolean}false"
                                emptyText="Label"
                                fieldLabel="accordionLabel"
                                name="label"
                                width="200px"
                                xtype="textfield"/>
                            <labelTitle
                                jcr:primaryType="cq:Widget"
                                fieldLabel="labelTitleText"
                                name="labelTitle"
                                xtype="textfield"/>
                        </fieldConfigs>
                    </labels>
                    <openFirstTab
                        jcr:primaryType="cq:Widget"
                        fieldDescription="accordionOpenFirstTabDesc"
                        fieldLabel="accordionOpenFirstTab"
                        inputValue="true"
                        name="./accordionOpenFirstTab"
                        type="checkbox"
                        xtype="selection"/>
                </items>
            </tab>
        </items>
    </items>
    <listeners
        jcr:primaryType="nt:unstructured"
        beforesubmit="function(dialog){&#xa; var panelsLength = dialog.findById(&quot;labels&quot;).getValue().length;&#xa; if(panelsLength==0){&#xa;CQ.Ext.Msg.show({ &#xa;&#x9;&#x9; title:CQ.I18n.getMessage('Validation Failed'),&#xa;&#x9;&#x9; msg: CQ.I18n.getMessage('accordionErrorMessage'),&#xa;&#x9;&#x9; buttons: CQ.Ext.Msg.OK, &#xa;&#x9;&#x9; icon: CQ.Ext.Msg.ERROR  &#xa;&#x9;&#x9;}); &#xa;&#x9;&#x9;return false;&#xa;&#x9;&#x9;}&#xa;}"/>
</jcr:root>
