<?xml version="1.0" encoding="UTF-8"?>
<jcr:root xmlns:cq="http://www.day.com/jcr/cq/1.0" xmlns:jcr="http://www.jcp.org/jcr/1.0"
    jcr:primaryType="cq:Dialog"
    xtype="dialog">
    <items
        jcr:primaryType="cq:Widget"
        xtype="tabpanel">
        <items jcr:primaryType="cq:WidgetCollection">
            <clickToChatConfigTab
                jcr:primaryType="cq:Panel"
                title="Configure Customer Services">
                <items jcr:primaryType="cq:WidgetCollection">
                    <allowCustomerServices
                        jcr:primaryType="cq:Widget"
                        fieldLabel="allowCustomerServices"
                        name="./allowCustomerServices"
                        type="checkbox"
                        xtype="selection"/>
                    <customerServiceConfiguration
                        jcr:primaryType="cq:Widget"
                        fieldLabel="customerServiceConfiguration"
                        name="./customerServices"
                        xtype="multicompositefield">
                        <fieldConfigs jcr:primaryType="cq:WidgetCollection">
                            <serviceProvider
                                jcr:primaryType="cq:Widget"
                                fieldLabel="Customer Service Utility"
                                name="customerServiceName"
                                xtype="textfield"
                                regex="/^[a-zA-Z0-9]+$/;"
                                regexText="serviceProviderRegexText"/>
                            <serviceScript
                                jcr:primaryType="cq:Widget"
                                fieldLabel="Customer Service Script"
                                name="customerServiceScript"
                                xtype="textfield"/>
                            <customerLibrary
                                jcr:primaryType="cq:Widget"
                                fieldLabel="Customer Service Library"
                                name="customerLibrary"
                                options="$PATH.customerServicesJs.json"
                                optionsRoot="option"
                                optionsTextField="label"
                                optionsValueField="value"
                                type="select"
                                xtype="selection"/>
                            <thirdPartyLibrary
                                jcr:primaryType="cq:Widget"
                                fieldLabel="Third Party Library"
                                name="thirdPartyLibrary"
                                xtype="textfield"/>
                            <allowService
                                jcr:primaryType="cq:Widget"
                                fieldLabel="Turn On Customer Service"
                                name="allowService"
                                type="checkbox"
                                xtype="selection"/>
                        </fieldConfigs>
                    </customerServiceConfiguration>
                </items>
            </clickToChatConfigTab>
        </items>
    </items>
</jcr:root>
