<?xml version="1.0" encoding="UTF-8"?>
<jcr:root xmlns:cq="http://www.day.com/jcr/cq/1.0" xmlns:jcr="http://www.jcp.org/jcr/1.0"
    jcr:primaryType="cq:Dialog"
    height="{Long}400"
    stateful="false"
    width="{Long}800"
    xtype="dialog">
    <items
        jcr:primaryType="cq:Widget"
        xtype="tabpanel">
        <items jcr:primaryType="cq:WidgetCollection">
            <geopickerSelect
                jcr:primaryType="cq:Panel"
                hideMode="offsets"
                title="geopickerSelect">
                <items jcr:primaryType="cq:WidgetCollection">
                    <title
                        jcr:primaryType="cq:Widget"
                        fieldLabel="geopickerSelectTitle"
                        name="./title"
                        xtype="textfield"/>
                    <geopickerRegion1
                        jcr:primaryType="cq:Widget"
                        collapsed="{Boolean}true"
                        collapsible="{Boolean}true"
                        title="geopickerRegion1"
                        xtype="dialogfieldset">
                        <items jcr:primaryType="cq:WidgetCollection">
                            <regionTitle
                                jcr:primaryType="cq:Widget"
                                fieldLabel="geopickerRegionTitle"
                                name="./regionTitle1"
                                xtype="textfield"/>
                            <countries
                                jcr:primaryType="cq:Widget"
                                fieldLabel="geopickerCountries"
                                name="./countries1"
                                xtype="multifieldmultifield">
                                <fieldConfig jcr:primaryType="cq:WidgetCollection">
                                    <countryText
                                        jcr:primaryType="cq:Widget"
                                        emptyText="geopickerCountryText"
                                        name="./countryText1"
                                        xtype="textfield"/>
                                    <countryUrl
                                        jcr:primaryType="cq:Widget"
                                        emptyText="geopickerCountryURL"
                                        name="./countryUrl1"
                                        xtype="pathfield"/>
                                </fieldConfig>
                            </countries>
                        </items>
                    </geopickerRegion1>
                    <geopickerRegion2
                        jcr:primaryType="cq:Widget"
                        collapsed="{Boolean}true"
                        collapsible="{Boolean}true"
                        title="geopickerRegion2"
                        xtype="dialogfieldset">
                        <items jcr:primaryType="cq:WidgetCollection">
                            <regionTitle
                                jcr:primaryType="cq:Widget"
                                fieldLabel="geopickerRegionTitle"
                                name="./regionTitle2"
                                xtype="textfield"/>
                            <countries
                                jcr:primaryType="cq:Widget"
                                fieldLabel="geopickerCountries"
                                name="./countries2"
                                xtype="multifieldmultifield">
                                <fieldConfig jcr:primaryType="cq:WidgetCollection">
                                    <countryText
                                        jcr:primaryType="cq:Widget"
                                        emptyText="geopickerCountryText"
                                        name="./countryText2"
                                        xtype="textfield"/>
                                    <countryUrl
                                        jcr:primaryType="cq:Widget"
                                        emptyText="geopickerCountryURL"
                                        name="./countryUrl2"
                                        xtype="pathfield"/>
                                </fieldConfig>
                            </countries>
                        </items>
                    </geopickerRegion2>
                    <geopickerRegion3
                        jcr:primaryType="cq:Widget"
                        collapsed="{Boolean}true"
                        collapsible="{Boolean}true"
                        title="geopickerRegion3"
                        xtype="dialogfieldset">
                        <items jcr:primaryType="cq:WidgetCollection">
                            <regionTitle
                                jcr:primaryType="cq:Widget"
                                fieldLabel="geopickerRegionTitle"
                                name="./regionTitle3"
                                xtype="textfield"/>
                            <countries
                                jcr:primaryType="cq:Widget"
                                fieldLabel="geopickerCountries"
                                name="./countries3"
                                xtype="multifieldmultifield">
                                <fieldConfig jcr:primaryType="cq:WidgetCollection">
                                    <countryText
                                        jcr:primaryType="cq:Widget"
                                        emptyText="geopickerCountryText"
                                        name="./countryText3"
                                        xtype="textfield"/>
                                    <countryUrl
                                        jcr:primaryType="cq:Widget"
                                        emptyText="geopickerCountryURL"
                                        name="./countryUrl3"
                                        xtype="pathfield"/>
                                </fieldConfig>
                            </countries>
                        </items>
                    </geopickerRegion3>
                    <geopickerRegion4
                        jcr:primaryType="cq:Widget"
                        collapsed="{Boolean}true"
                        collapsible="{Boolean}true"
                        title="geopickerRegion4"
                        xtype="dialogfieldset">
                        <items jcr:primaryType="cq:WidgetCollection">
                            <regionTitle
                                jcr:primaryType="cq:Widget"
                                fieldLabel="geopickerRegionTitle"
                                name="./regionTitle4"
                                xtype="textfield"/>
                            <countries
                                jcr:primaryType="cq:Widget"
                                fieldLabel="geopickerCountries"
                                name="./countries4"
                                xtype="multifieldmultifield">
                                <fieldConfig jcr:primaryType="cq:WidgetCollection">
                                    <countryText
                                        jcr:primaryType="cq:Widget"
                                        emptyText="geopickerCountryText"
                                        name="./countryText4"
                                        xtype="textfield"/>
                                    <countryUrl
                                        jcr:primaryType="cq:Widget"
                                        emptyText="geopickerCountryURL"
                                        name="./countryUrl4"
                                        xtype="pathfield"/>
                                </fieldConfig>
                            </countries>
                        </items>
                    </geopickerRegion4>
                    <geopickerRegion5
                        jcr:primaryType="cq:Widget"
                        collapsed="{Boolean}true"
                        collapsible="{Boolean}true"
                        title="geopickerRegion5"
                        xtype="dialogfieldset">
                        <items jcr:primaryType="cq:WidgetCollection">
                            <regionTitle
                                jcr:primaryType="cq:Widget"
                                fieldLabel="geopickerRegionTitle"
                                name="./regionTitle5"
                                xtype="textfield"/>
                            <countries
                                jcr:primaryType="cq:Widget"
                                fieldLabel="geopickerCountries"
                                name="./countries5"
                                xtype="multifieldmultifield">
                                <fieldConfig jcr:primaryType="cq:WidgetCollection">
                                    <countryText
                                        jcr:primaryType="cq:Widget"
                                        emptyText="geopickerCountryText"
                                        name="./countryText5"
                                        xtype="textfield"/>
                                    <countryUrl
                                        jcr:primaryType="cq:Widget"
                                        emptyText="geopickerCountryURL"
                                        name="./countryUrl5"
                                        xtype="pathfield"/>
                                </fieldConfig>
                            </countries>
                        </items>
                    </geopickerRegion5>
                    <geopickerRegion6
                        jcr:primaryType="cq:Widget"
                        collapsed="{Boolean}true"
                        collapsible="{Boolean}true"
                        title="geopickerRegion6"
                        xtype="dialogfieldset">
                        <items jcr:primaryType="cq:WidgetCollection">
                            <regionTitle
                                jcr:primaryType="cq:Widget"
                                fieldLabel="geopickerRegionTitle"
                                name="./regionTitle6"
                                xtype="textfield"/>
                            <countries
                                jcr:primaryType="cq:Widget"
                                fieldLabel="geopickerCountries"
                                name="./countries6"
                                xtype="multifieldmultifield">
                                <fieldConfig jcr:primaryType="cq:WidgetCollection">
                                    <countryText
                                        jcr:primaryType="cq:Widget"
                                        emptyText="geopickerCountryText"
                                        name="./countryText6"
                                        xtype="textfield"/>
                                    <countryUrl
                                        jcr:primaryType="cq:Widget"
                                        emptyText="geopickerCountryURL"
                                        name="./countryUrl6"
                                        xtype="pathfield"/>
                                </fieldConfig>
                            </countries>
                        </items>
                    </geopickerRegion6>
                    <geopickerRegion7
                        jcr:primaryType="cq:Widget"
                        collapsed="{Boolean}true"
                        collapsible="{Boolean}true"
                        title="geopickerRegion7"
                        xtype="dialogfieldset">
                        <items jcr:primaryType="cq:WidgetCollection">
                            <regionTitle
                                jcr:primaryType="cq:Widget"
                                fieldLabel="geopickerRegionTitle"
                                name="./regionTitle7"
                                xtype="textfield"/>
                            <countries
                                jcr:primaryType="cq:Widget"
                                fieldLabel="geopickerCountries"
                                name="./countries7"
                                xtype="multifieldmultifield">
                                <fieldConfig jcr:primaryType="cq:WidgetCollection">
                                    <countryText
                                        jcr:primaryType="cq:Widget"
                                        emptyText="geopickerCountryText"
                                        name="./countryText7"
                                        xtype="textfield"/>
                                    <countryUrl
                                        jcr:primaryType="cq:Widget"
                                        emptyText="geopickerCountryURL"
                                        name="./countryUrl7"
                                        xtype="pathfield"/>
                                </fieldConfig>
                            </countries>
                        </items>
                    </geopickerRegion7>
                    <geopickerRegion8
                        jcr:primaryType="cq:Widget"
                        collapsed="{Boolean}true"
                        collapsible="{Boolean}true"
                        title="geopickerRegion8"
                        xtype="dialogfieldset">
                        <items jcr:primaryType="cq:WidgetCollection">
                            <regionTitle
                                jcr:primaryType="cq:Widget"
                                fieldLabel="geopickerRegionTitle"
                                name="./regionTitle8"
                                xtype="textfield"/>
                            <countries
                                jcr:primaryType="cq:Widget"
                                fieldLabel="geopickerCountries"
                                name="./countries8"
                                xtype="multifieldmultifield">
                                <fieldConfig jcr:primaryType="cq:WidgetCollection">
                                    <countryText
                                        jcr:primaryType="cq:Widget"
                                        emptyText="geopickerCountryText"
                                        name="./countryText8"
                                        xtype="textfield"/>
                                    <countryUrl
                                        jcr:primaryType="cq:Widget"
                                        emptyText="geopickerCountryURL"
                                        name="./countryUrl8"
                                        xtype="pathfield"/>
                                </fieldConfig>
                            </countries>
                        </items>
                    </geopickerRegion8>
                </items>
            </geopickerSelect>
        </items>
    </items>
</jcr:root>
