<?xml version="1.0" encoding="UTF-8"?>
<jcr:root xmlns:sling="http://sling.apache.org/jcr/sling/1.0" xmlns:cq="http://www.day.com/jcr/cq/1.0" xmlns:jcr="http://www.jcp.org/jcr/1.0" xmlns:nt="http://www.jcp.org/jcr/nt/1.0"
    jcr:primaryType="nt:unstructured"
    jcr:title="generalContentComponentTitle"
    sling:resourceType="cq/gui/components/authoring/dialog"
    extraClientlibs="[cq.common.wcm,cq.siteadmin.admin.properties]"
    helpPath="en/cq/current/wcm/default_components.html#General Form"
    mode="edit">
    <content
        jcr:primaryType="nt:unstructured"
        sling:resourceType="granite/ui/components/foundation/container">
        <items jcr:primaryType="nt:unstructured">
            <columns
                jcr:primaryType="nt:unstructured"
                sling:resourceType="granite/ui/components/foundation/container">
                <layout
                    jcr:primaryType="nt:unstructured"
                    sling:resourceType="granite/ui/components/foundation/layouts/fixedcolumns"/>
                <items jcr:primaryType="nt:unstructured">
                    <tabs
                        jcr:primaryType="nt:unstructured"
                        sling:resourceType="granite/ui/components/foundation/container">
                        <layout
                            jcr:primaryType="nt:unstructured"
                            sling:resourceType="granite/ui/components/foundation/layouts/tabs"
                            type="nav"/>
                        <items
                            jcr:primaryType="nt:unstructured"
                            class="s1txt">
                            <tab_generalForm
                                jcr:primaryType="nt:unstructured"
                                jcr:title="generalFormPickerProperties"
                                sling:resourceType="granite/ui/components/foundation/section"
                                class="list-option-listfrom-showhide-target foundation-layout-util-vmargin"
                                showhidetargetvalue="forms">
                                <items jcr:primaryType="nt:unstructured">
                                    <formIdentifier
                                        jcr:primaryType="nt:unstructured"
                                        sling:resourceType="granite/ui/components/foundation/form/select"
                                        element="modules"
                                        emptyText="select"
                                        fieldLabel="generalFormIdentifier"
                                        name="./generalFormIdentifier">
                                        <datasource
                                            jcr:primaryType="nt:unstructured"
                                            sling:resourceType="global/components/general/generalformpicker/granitedropdownformidentifier"/>
                                    </formIdentifier>
                                </items>
                                <layout
                                    jcr:primaryType="nt:unstructured"
                                    sling:resourceType="granite/ui/components/foundation/layouts/well"/>
                            </tab_generalForm>
                        </items>
                    </tabs>
                </items>
            </columns>
        </items>
    </content>
</jcr:root>
