<?xml version="1.0" encoding="UTF-8"?>
<jcr:root xmlns:cq="http://www.day.com/jcr/cq/1.0" xmlns:jcr="http://www.jcp.org/jcr/1.0" xmlns:nt="http://www.jcp.org/jcr/nt/1.0"
    jcr:primaryType="cq:Panel"
    title="featuredContentAssessyourNeedsProperties">
    <items jcr:primaryType="cq:WidgetCollection">
        <properties
            jcr:primaryType="cq:Widget"
            collapsed="{Boolean}false"
            collapsible="{Boolean}false"
            xtype="dialogfieldset">
            <items jcr:primaryType="cq:WidgetCollection">
                <assessTitle
                    jcr:primaryType="cq:Widget"
                    fieldLabel="featuredContentTitle"
                    name="./assessTitle"
                    xtype="textfield"/>
                <assessSecondaryText
                    jcr:primaryType="cq:Widget"
                    fieldLabel="featuredContentSecondaryText"
                    name="./assessSecondaryText"
                    xtype="textfield"/>
                <assessCTAText
                    jcr:primaryType="cq:Widget"
                    fieldLabel="featuredContentCalltoActionText"
                    name="./assessCTAText"
                    xtype="textfield"/>
                <assessCTAUrl
                    jcr:primaryType="cq:Widget"
                    fieldDescription="Do not author this field in case 'Form Identifier' is selected below (for Off-Canvas forms)"
                    fieldLabel="featuredContentCalltoActionUrl"
                    name="./assessCTAUrl"
                    xtype="pathfield"/>
                <assessFormIdentifier
                    jcr:primaryType="cq:Widget"
                    allowBlank="{Boolean}true"
                    defaultValue="NA"
                    fieldLabel="featuredContentFormsIdentifier"
                    name="./assessFormIdentifier"
                    options="$PATH.formNames.json"
                    optionsRoot="option"
                    optionsTextField="label"
                    optionsValueField="value"
                    type="select"
                    xtype="selection"/>
                <assessFormCloseTitleText
                    jcr:primaryType="cq:Widget"
                    emptyText="Form Close Title Text"
                    fieldLabel="Form Close Title Text"
                    name="./assessFormCloseTitleText"
                    xtype="textfield"/>
                <assessCTAUrlTitle
                    jcr:primaryType="cq:Widget"
                    fieldLabel="featuredContentCalltoActionUrlTitle"
                    name="./assessCTAUrlTitle"
                    xtype="textfield"/>
                <assessSecondaryLinkText
                    jcr:primaryType="cq:Widget"
                    fieldLabel="featuredContentAssessSecondaryLinkText"
                    name="./assessSecondaryLinkText"
                    xtype="textfield"/>
                <assessSecondaryLinkUrl
                    jcr:primaryType="cq:Widget"
                    fieldLabel="featuredContentAssessSecondaryLinkURL"
                    name="./assessSecondaryLinkUrl"
                    xtype="pathfield"/>
                <assessSecondaryLinkurlTitle
                    jcr:primaryType="cq:Widget"
                    fieldLabel="featuredContentAssessSecondaryLinkURLTitle"
                    name="./assessSecondaryLinkurlTitle"
                    xtype="textfield"/>
                <assessContactPhone
                    jcr:primaryType="cq:Widget"
                    fieldLabel="featuredContentContactPhone"
                    name="./assessContactPhone"
                    xtype="textfield"/>
                <assessContactIcon
                    jcr:primaryType="cq:Widget"
                    defaultValue="NA"
                    emptyText="Contact Type"
                    fieldLabel="featuredContentContactIcon"
                    name="./assessContactIcon"
                    type="select"
                    value="phone"
                    width="200px"
                    xtype="selection">
                    <options jcr:primaryType="cq:WidgetCollection">
                        <default
                            jcr:primaryType="nt:unstructured"
                            text="--Select--"
                            value="NA"/>
                        <phone
                            jcr:primaryType="nt:unstructured"
                            text="featuredContentContactPhone"
                            value="phone"/>
                        <fax
                            jcr:primaryType="nt:unstructured"
                            text="featuredContentContactFax"
                            value="fax"/>
                    </options>
                </assessContactIcon>
                <customerServiceUtilities
                    jcr:primaryType="cq:Widget"
                    fieldLabel="featuredContentCustomerServiceUtilitiy"
                    name="./customerServiceUtilitiesforAssess"
                    regex="/^@csc_[(A-Za-z0-9)]*(@)$/"
                    xtype="textfield"/>
            </items>
        </properties>
    </items>
</jcr:root>
