<?xml version="1.0" encoding="UTF-8"?>
<jcr:root xmlns:cq="http://www.day.com/jcr/cq/1.0" xmlns:jcr="http://www.jcp.org/jcr/1.0" xmlns:nt="http://www.jcp.org/jcr/nt/1.0"
    jcr:primaryType="cq:Panel"
    hideMode="offsets"
    title="featuredContentContactUsProperties">
    <items jcr:primaryType="cq:WidgetCollection">
        <contuctus
            jcr:primaryType="cq:Widget"
            collapsed="{Boolean}false"
            collapsible="{Boolean}false"
            xtype="dialogfieldset">
            <items jcr:primaryType="cq:WidgetCollection">
                <contactTitle
                    jcr:primaryType="cq:Widget"
                    fieldLabel="featuredContentContactTitle"
                    name="./contactTitle"
                    xtype="textfield"/>
                <contactStreetAddress
                    jcr:primaryType="cq:Widget"
                    fieldLabel="featuredContentContactStreetAddress"
                    name="./contactStreetAddress"
                    xtype="textfield"/>
                <contactExtendedAddress
                    jcr:primaryType="cq:Widget"
                    fieldLabel="featuredContentContactExtendedAddress"
                    name="./contactExtendedAddress"
                    xtype="textfield"/>
                <contactExtendedAddress2
                    jcr:primaryType="cq:Widget"
                    fieldLabel="featuredContentContactExtendedAddress2"
                    name="./contactExtendedAddress2"
                    xtype="textfield"/>
                <contactPOBoxNumber
                    jcr:primaryType="cq:Widget"
                    fieldLabel="featuredContentContactPOBoxNumber"
                    name="./contactPOBoxNumber"
                    xtype="textfield"/>
                <contactAddressLocality
                    jcr:primaryType="cq:Widget"
                    fieldLabel="featuredContentContactAddressLocality"
                    name="./contactAddressLocality"
                    xtype="textfield"/>
                <contactAddressRegion
                    jcr:primaryType="cq:Widget"
                    fieldLabel="featuredContentContactAddressRegion"
                    name="./contactAddressRegion"
                    xtype="textfield"/>
                <contactAddressPostalCode
                    jcr:primaryType="cq:Widget"
                    fieldLabel="featuredContentContactAddressPostalCode"
                    name="./contactAddressPostalCode"
                    xtype="textfield"/>
                <contactAddressCountryName
                    jcr:primaryType="cq:Widget"
                    fieldLabel="featuredContentContactAddressCountryName"
                    name="./contactAddressCountryName"
                    xtype="textfield"/>
                <contactEmailText
                    jcr:primaryType="cq:Widget"
                    fieldLabel="featuredContentContactEmailText"
                    name="./contactEmailText"
                    xtype="textfield"/>
                <contactEmailUrl
                    jcr:primaryType="cq:Widget"
                    fieldLabel="featuredContentContactEmailUrl"
                    name="./contactEmailUrl"
                    xtype="textfield"/>
                <isRichTextFlag
                    jcr:primaryType="cq:Widget"
                    ignoreData="{Boolean}true"
                    name="./textIsRich"
                    value="true"
                    xtype="hidden"/>
                <Contact
                    jcr:primaryType="cq:Widget"
                    fieldLabel="Contact Info"
                    name="./contact"
                    xtype="multifieldmultifield">
                    <fieldConfig jcr:primaryType="cq:WidgetCollection">
                        <contactType
                            jcr:primaryType="cq:Widget"
                            defaultValue="NA"
                            emptyText="Contact Type"
                            fieldLabel="featuredContentContactPhone"
                            name="./contactType"
                            type="select"
                            value="NA"
                            width="200px"
                            xtype="selection">
                            <options jcr:primaryType="cq:WidgetCollection">
                                <default
                                    jcr:primaryType="nt:unstructured"
                                    text="--Select--"
                                    value="NA"/>
                                <phone
                                    jcr:primaryType="nt:unstructured"
                                    text="featuredContentContactPhone"
                                    value="phone"/>
                                <fax
                                    jcr:primaryType="nt:unstructured"
                                    text="featuredContentContactFax"
                                    value="fax"/>
                            </options>
                        </contactType>
                        <contactInfo
                            jcr:primaryType="cq:Widget"
                            emptyText="Contact Number"
                            fieldLabel="featuredContentContactFax"
                            name="./contactInfo"
                            xtype="textfield"/>
                    </fieldConfig>
                </Contact>
                <customerServiceUtilities
                    jcr:primaryType="cq:Widget"
                    fieldLabel="featuredContentCustomerServiceUtilitiy"
                    name="./customerServiceUtilitiesforContact"
                    regex="/^@csc_[(A-Za-z0-9)]*(@)$/"
                    xtype="textfield"/>
            </items>
        </contuctus>
    </items>
</jcr:root>
