<?xml version="1.0" encoding="UTF-8"?>
<jcr:root xmlns:cq="http://www.day.com/jcr/cq/1.0" xmlns:jcr="http://www.jcp.org/jcr/1.0" xmlns:nt="http://www.jcp.org/jcr/nt/1.0"
    jcr:primaryType="cq:Panel"
    title="featuredContentSuperUserProperties">
    <items jcr:primaryType="cq:WidgetCollection">
        <items jcr:primaryType="cq:WidgetCollection">
            <modules
                jcr:primaryType="cq:Widget"
                fieldLabel="featuredContentModules"
                name="./modules"
                xtype="multifield">
                <fieldConfig
                    jcr:primaryType="cq:Widget"
                    type="select"
                    xtype="selection">
                    <options jcr:primaryType="cq:WidgetCollection">
                        <contactus
                            jcr:primaryType="nt:unstructured"
                            text="featuredContentContactUs"
                            value="contactus"/>
                        <getaquote
                            jcr:primaryType="nt:unstructured"
                            text="featuredContentQuote"
                            value="getaquote"/>
                        <assessyourneeds
                            jcr:primaryType="nt:unstructured"
                            text="featuredContentAssessyourNeeds"
                            value="assessyourneeds"/>
                        <forms
                            jcr:primaryType="nt:unstructured"
                            text="featuredContentForms"
                            value="forms"/>
                    </options>
                </fieldConfig>
            </modules>
        </items>
    </items>
</jcr:root>
