<?xml version="1.0" encoding="UTF-8"?>
<jcr:root xmlns:cq="http://www.day.com/jcr/cq/1.0" xmlns:jcr="http://www.jcp.org/jcr/1.0" xmlns:nt="http://www.jcp.org/jcr/nt/1.0"
    jcr:primaryType="cq:Panel"
    title="featuredContentProperties">
    <items jcr:primaryType="cq:WidgetCollection">
        <properties
            jcr:primaryType="cq:Widget"
            collapsed="{Boolean}false"
            collapsible="{Boolean}false"
            xtype="dialogfieldset">
            <items jcr:primaryType="cq:WidgetCollection">
                <image
                    jcr:primaryType="cq:Widget"
                    allowBlank="{Boolean}false"
                    allowUpload="false"
                    autoUploadDelay="1"
                    ddGroups="[media]"
                    fieldLabel="featuredContentImage"
                    fileNameParameter="./imageName"
                    fileReferenceParameter="./imageReference"
                    height="250"
                    mimeTypes="*.jpg;*.jpeg;*.gif;*.png"
                    mimeTypesDescription="Images"
                    name="./image"
                    sizeLimit="100"
                    title="Image"
                    xtype="html5smartimage"/>
                <imageAltText
                    jcr:primaryType="cq:Widget"
                    fieldLabel="featuredContentImageAltText"
                    name="./imageAltText"
                    xtype="textfield"/>
                <viewfinder
                    jcr:primaryType="cq:Widget"
                    fieldLabel="featuredContentViewfinder"
                    name="./viewfinder"
                    xtype="restrictedrichtext">
                    <rtePlugins jcr:primaryType="nt:unstructured">
                        <format
                            jcr:primaryType="nt:unstructured"
                            features="-"/>
                        <lists
                            jcr:primaryType="nt:unstructured"
                            features="-"/>
                        <justify
                            jcr:primaryType="nt:unstructured"
                            features="-"/>
                        <edit
                            jcr:primaryType="nt:unstructured"
                            defaultPasteMode="plaintext"
                            features="[paste-plaintext]"/>
                        <findreplace
                            jcr:primaryType="nt:unstructured"
                            features="*"/>
                        <subsuperscript
                            jcr:primaryType="nt:unstructured"
                            features="*"/>
                        <links
                            jcr:primaryType="nt:unstructured"
                            features="[-]"/>
                        <undo
                            jcr:primaryType="nt:unstructured"
                            features="*"/>
                        <misctools
                            jcr:primaryType="nt:unstructured"
                            features="[specialchars]">
                            <specialCharsConfig jcr:primaryType="nt:unstructured">
                                <chars jcr:primaryType="nt:unstructured">
                                    <reg
                                        jcr:primaryType="nt:unstructured"
                                        entity="&amp;#174;"/>
                                    <copyright
                                        jcr:primaryType="nt:unstructured"
                                        entity="&amp;#169;"/>
                                    <deg
                                        jcr:primaryType="nt:unstructured"
                                        entity="&amp;#176;"/>
                                    <asterisk
                                        jcr:primaryType="nt:unstructured"
                                        entity="&amp;#8727"/>
                                    <trademark
                                        jcr:primaryType="nt:unstructured"
                                        entity="&amp;#8482"/>
                                </chars>
                            </specialCharsConfig>
                        </misctools>
                        <paraformat
                            jcr:primaryType="nt:unstructured"
                            features="-">
                            <formats jcr:primaryType="cq:WidgetCollection">
                                <p
                                    jcr:primaryType="nt:unstructured"
                                    description="Paragraph"
                                    tag="p"/>
                                <heading1
                                    jcr:primaryType="nt:unstructured"
                                    description="Heading 1"
                                    tag="h1"/>
                            </formats>
                        </paraformat>
                        <styles
                            jcr:primaryType="nt:unstructured"
                            features="-">
                            <styles jcr:primaryType="cq:WidgetCollection">
                                <style1
                                    jcr:primaryType="nt:unstructured"
                                    cssName="fp-gray"
                                    text="richtextStyleGrayText"/>
                                <style2
                                    jcr:primaryType="nt:unstructured"
                                    cssName="fp-medium"
                                    text="richtextStyleMediumText"/>
                                <style3
                                    jcr:primaryType="nt:unstructured"
                                    cssName="fp-book"
                                    text="richtextStyleBookText"/>
                                <style4
                                    jcr:primaryType="nt:unstructured"
                                    cssName="fp-bold"
                                    text="richtextStyleBoldText"/>
                            </styles>
                        </styles>
                    </rtePlugins>
                </viewfinder>
                <useH1
                    jcr:primaryType="cq:Widget"
                    fieldLabel="featuredContentUseH1"
                    name="./useH1"
                    type="radio"
                    xtype="selection">
                    <options jcr:primaryType="cq:WidgetCollection">
                        <yes
                            jcr:primaryType="nt:unstructured"
                            text="yes"
                            value="true"/>
                        <no
                            jcr:primaryType="nt:unstructured"
                            text="no"
                            value="false"/>
                    </options>
                </useH1>
                <secondaryViewfinder
                    jcr:primaryType="cq:Widget"
                    fieldLabel="featuredContentSecondaryViewfinder"
                    name="./secondaryViewfinder"
                    xtype="restrictedrichtext">
                    <rtePlugins jcr:primaryType="nt:unstructured">
                        <format
                            jcr:primaryType="nt:unstructured"
                            features="-"/>
                        <lists
                            jcr:primaryType="nt:unstructured"
                            features="-"/>
                        <justify
                            jcr:primaryType="nt:unstructured"
                            features="-"/>
                        <edit
                            jcr:primaryType="nt:unstructured"
                            defaultPasteMode="plaintext"
                            features="[paste-plaintext]"/>
                        <findreplace
                            jcr:primaryType="nt:unstructured"
                            features="*"/>
                        <subsuperscript
                            jcr:primaryType="nt:unstructured"
                            features="*"/>
                        <links
                            jcr:primaryType="nt:unstructured"
                            features="[-]"/>
                        <undo
                            jcr:primaryType="nt:unstructured"
                            features="*"/>
                        <misctools
                            jcr:primaryType="nt:unstructured"
                            features="[specialchars]">
                            <specialCharsConfig jcr:primaryType="nt:unstructured">
                                <chars jcr:primaryType="nt:unstructured">
                                    <reg
                                        jcr:primaryType="nt:unstructured"
                                        entity="&amp;#174;"/>
                                    <copyright
                                        jcr:primaryType="nt:unstructured"
                                        entity="&amp;#169;"/>
                                    <deg
                                        jcr:primaryType="nt:unstructured"
                                        entity="&amp;#176;"/>
                                    <asterisk
                                        jcr:primaryType="nt:unstructured"
                                        entity="&amp;#8727"/>
                                    <trademark
                                        jcr:primaryType="nt:unstructured"
                                        entity="&amp;#8482"/>
                                </chars>
                            </specialCharsConfig>
                        </misctools>
                        <paraformat
                            jcr:primaryType="nt:unstructured"
                            features="-">
                            <formats jcr:primaryType="cq:WidgetCollection">
                                <p
                                    jcr:primaryType="nt:unstructured"
                                    description="Paragraph"
                                    tag="p"/>
                                <heading1
                                    jcr:primaryType="nt:unstructured"
                                    description="Heading 1"
                                    tag="h1"/>
                            </formats>
                        </paraformat>
                        <styles
                            jcr:primaryType="nt:unstructured"
                            features="-">
                            <styles jcr:primaryType="cq:WidgetCollection">
                                <style1
                                    jcr:primaryType="nt:unstructured"
                                    cssName="fp-gray"
                                    text="richtextStyleGrayText"/>
                                <style2
                                    jcr:primaryType="nt:unstructured"
                                    cssName="fp-medium"
                                    text="richtextStyleMediumText"/>
                                <style3
                                    jcr:primaryType="nt:unstructured"
                                    cssName="fp-book"
                                    text="richtextStyleBookText"/>
                                <style4
                                    jcr:primaryType="nt:unstructured"
                                    cssName="fp-bold"
                                    text="richtextStyleBoldText"/>
                            </styles>
                        </styles>
                    </rtePlugins>
                </secondaryViewfinder>
                <moduleType
                    jcr:primaryType="cq:Widget"
                    cls="cq-propsdialog-pagelanguage"
                    fieldLabel="featuredContentModuleType"
                    id="moduleType"
                    name="./moduleType"
                    options="$PATH.options.json"
                    optionsRoot="option"
                    optionsTextField="label"
                    optionsValueField="value"
                    type="select"
                    xtype="selection">
                    <listeners
                        jcr:primaryType="nt:unstructured"
                        loadcontent="function(){&#xa;&#x9;if(this.getValue() == &quot;contactus&quot;){&#xa;&#x9;&#x9;this.findParentByType('tabpanel').unhideTabStripItem(1);&#xa;&#x9;&#x9;this.findParentByType('tabpanel').hideTabStripItem(2);&#xa;&#x9;&#x9;this.findParentByType('tabpanel').hideTabStripItem(3);&#xa;&#x9;&#x9;this.findParentByType('tabpanel').hideTabStripItem(4);&#xa;&#x9;}else if(this.getValue() == &quot;getaquote&quot;){&#xa;&#x9;&#x9;this.findParentByType('tabpanel').hideTabStripItem(1);&#xa;&#x9;&#x9;this.findParentByType('tabpanel').unhideTabStripItem(2);&#xa;&#x9;&#x9;this.findParentByType('tabpanel').hideTabStripItem(3);&#xa;&#x9;&#x9;this.findParentByType('tabpanel').hideTabStripItem(4);&#xa;&#x9;}else if(this.getValue() == &quot;assessyourneeds&quot;){&#xa;&#x9;&#x9;this.findParentByType('tabpanel').hideTabStripItem(1);&#xa;&#x9;&#x9;this.findParentByType('tabpanel').hideTabStripItem(2);&#xa;&#x9;&#x9;this.findParentByType('tabpanel').unhideTabStripItem(3);&#x9;&#xa;&#x9;&#x9;this.findParentByType('tabpanel').hideTabStripItem(4);&#x9;&#x9;&#xa;&#x9;}else if(this.getValue() == &quot;forms&quot;){&#xa;&#x9;&#x9;this.findParentByType('tabpanel').hideTabStripItem(1);&#xa;&#x9;&#x9;this.findParentByType('tabpanel').hideTabStripItem(2);&#xa;&#x9;&#x9;this.findParentByType('tabpanel').hideTabStripItem(3);&#xa;&#x9;&#x9;this.findParentByType('tabpanel').unhideTabStripItem(4);&#x9;&#x9;&#xa;&#x9;}else{&#xa;&#x9;&#x9;this.findParentByType('tabpanel').hideTabStripItem(1);&#xa;&#x9;&#x9;this.findParentByType('tabpanel').hideTabStripItem(2);&#xa;&#x9;&#x9;this.findParentByType('tabpanel').hideTabStripItem(3);&#xa;&#x9;&#x9;this.findParentByType('tabpanel').hideTabStripItem(4);&#x9;&#xa;&#x9;}&#xa;}"
                        selectionchanged="function(){&#xa;&#x9;if(this.getValue() == &quot;contactus&quot;){&#xa;&#x9;&#x9;this.findParentByType('tabpanel').unhideTabStripItem(1);&#xa;&#x9;&#x9;this.findParentByType('tabpanel').hideTabStripItem(2);&#xa;&#x9;&#x9;this.findParentByType('tabpanel').hideTabStripItem(3);&#xa;&#x9;&#x9;this.findParentByType('tabpanel').hideTabStripItem(4);&#xa;&#x9;}else if(this.getValue() == &quot;getaquote&quot;){&#xa;&#x9;&#x9;this.findParentByType('tabpanel').hideTabStripItem(1);&#xa;&#x9;&#x9;this.findParentByType('tabpanel').unhideTabStripItem(2);&#xa;&#x9;&#x9;this.findParentByType('tabpanel').hideTabStripItem(3);&#xa;&#x9;&#x9;this.findParentByType('tabpanel').hideTabStripItem(4);&#xa;&#x9;}else if(this.getValue() == &quot;assessyourneeds&quot;){&#xa;&#x9;&#x9;this.findParentByType('tabpanel').hideTabStripItem(1);&#xa;&#x9;&#x9;this.findParentByType('tabpanel').hideTabStripItem(2);&#xa;&#x9;&#x9;this.findParentByType('tabpanel').unhideTabStripItem(3);&#x9;&#xa;&#x9;&#x9;this.findParentByType('tabpanel').hideTabStripItem(4);&#x9;&#x9;&#xa;&#x9;}else if(this.getValue() == &quot;forms&quot;){&#xa;&#x9;&#x9;this.findParentByType('tabpanel').hideTabStripItem(1);&#xa;&#x9;&#x9;this.findParentByType('tabpanel').hideTabStripItem(2);&#xa;&#x9;&#x9;this.findParentByType('tabpanel').hideTabStripItem(3);&#xa;&#x9;&#x9;this.findParentByType('tabpanel').unhideTabStripItem(4);&#x9;&#x9;&#xa;&#x9;}else{&#xa;&#x9;&#x9;this.findParentByType('tabpanel').hideTabStripItem(1);&#xa;&#x9;&#x9;this.findParentByType('tabpanel').hideTabStripItem(2);&#xa;&#x9;&#x9;this.findParentByType('tabpanel').hideTabStripItem(3);&#xa;&#x9;&#x9;this.findParentByType('tabpanel').hideTabStripItem(4);&#x9;&#xa;&#x9;}&#xa;}"/>
                </moduleType>
                <tagline
                    jcr:primaryType="cq:Widget"
                    fieldLabel="featuredContentTagline"
                    name="./tagLine"
                    xtype="richtext"/>
                <showTagline
                    jcr:primaryType="cq:Widget"
                    defaultValue="no"
                    fieldLabel="featuredContentShowTagline"
                    name="./showTagline"
                    type="radio"
                    xtype="selection">
                    <options jcr:primaryType="cq:WidgetCollection">
                        <yes
                            jcr:primaryType="nt:unstructured"
                            text="featuredContentYes"
                            value="yes"/>
                        <no
                            jcr:primaryType="nt:unstructured"
                            checked="{Boolean}true"
                            text="featuredContentNo"
                            value="no"/>
                    </options>
                </showTagline>
            </items>
        </properties>
    </items>
</jcr:root>
