<?xml version="1.0" encoding="UTF-8"?>
<jcr:root xmlns:cq="http://www.day.com/jcr/cq/1.0" xmlns:jcr="http://www.jcp.org/jcr/1.0" xmlns:nt="http://www.jcp.org/jcr/nt/1.0"
    jcr:primaryType="cq:Dialog"
    xtype="dialog">
    <items
        jcr:primaryType="cq:Widget"
        xtype="tabpanel">
        <items jcr:primaryType="cq:WidgetCollection">
            <tab1
                jcr:primaryType="cq:Panel"
                title="contentBlurbProperties">
                <items jcr:primaryType="cq:WidgetCollection">
                    <title
                        jcr:primaryType="cq:Widget"
                        fieldLabel="contenttitle"
                        name="./title"
                        xtype="textfield"/>
                    <description
                        jcr:primaryType="cq:Widget"
                        fieldLabel="description"
                        name="./description"
                        xtype="restrictedrichtext">
                        <rtePlugins
                            jcr:primaryType="nt:unstructured"
                            path="/apps/global/components/general/restrictedrichtext/dialog/items/tab1/items/text/rtePlugins.infinity.json"
                            xtype="cqinclude"/>
                    </description>
                    <image
                        jcr:primaryType="cq:Widget"
                        allowUpload="false"
                        autoUploadDelay="1"
                        ddGroups="media"
                        fieldLabel="image"
                        fileNameParameter="./imageName"
                        fileReferenceParameter="./imageReference"
                        height="250"
                        mimeTypes="*.jpg;*.jpeg;*.gif;*.png"
                        name="./image"
                        sizeLimit="100"
                        title="Image"
                        xtype="html5smartimage"/>
                    <imageAlt
                        jcr:primaryType="cq:Widget"
                        fieldLabel="imageAltText"
                        name="./imageAlt"
                        xtype="textfield"/>
                    <imageLinkto
                        jcr:primaryType="cq:Widget"
                        fieldLabel="imageLinkto"
                        name="./imageLinkto"
                        showTitlesInTree="{Boolean}false"
                        xtype="pathfield"/>
                    <imageLinkAlt
                        jcr:primaryType="cq:Widget"
                        fieldLabel="imageLinkAlt"
                        name="./imageLinkAlt"
                        xtype="textfield"/>
                    <isSeperatorDisabled
                        jcr:primaryType="cq:Widget"
                        defaultValue="false"
                        fieldLabel="enableSeperator"
                        name="./isSeperatorDisabled"
                        type="radio"
                        value="false"
                        xtype="selection">
                        <options jcr:primaryType="cq:WidgetCollection">
                            <true
                                jcr:primaryType="nt:unstructured"
                                text="Yes"
                                value="true"/>
                            <false
                                jcr:primaryType="nt:unstructured"
                                text="No"
                                value="false"/>
                        </options>
                    </isSeperatorDisabled>
                </items>
            </tab1>
        </items>
    </items>
</jcr:root>
