<?xml version="1.0" encoding="UTF-8"?>
<jcr:root xmlns:cq="http://www.day.com/jcr/cq/1.0" xmlns:jcr="http://www.jcp.org/jcr/1.0" xmlns:nt="http://www.jcp.org/jcr/nt/1.0"
    jcr:primaryType="cq:Dialog"
    xtype="dialog">
    <items
        jcr:primaryType="cq:Widget"
        xtype="tabpanel">
        <items jcr:primaryType="cq:WidgetCollection">
            <tab1
                jcr:primaryType="cq:Panel"
                title="InPageTitleTabTitle">
                <items jcr:primaryType="cq:WidgetCollection">
                    <sectionTitle
                        jcr:primaryType="cq:Widget"
                        fieldLabel="inpagetitleSectionTitle"
                        name="./sectionTitle"
                        xtype="textfield"/>
                    <heading
                        jcr:primaryType="cq:Widget"
                        defaultValue="h2"
                        fieldLabel="inpagetitleHeading"
                        name="./heading"
                        type="select"
                        xtype="selection">
                        <options jcr:primaryType="cq:WidgetCollection">
                            <h1
                                jcr:primaryType="nt:unstructured"
                                text="H1"
                                value="h1"/>
                            <h2
                                jcr:primaryType="nt:unstructured"
                                text="H2"
                                value="h2"/>
                        </options>
                    </heading>
                    <stickyLinkText
                        jcr:primaryType="cq:Widget"
                        fieldLabel="inpagetitleStickyLinkText"
                        name="./stickyLinkText"
                        xtype="textfield"/>
                    <stickyLinkTitleText
                        jcr:primaryType="cq:Widget"
                        fieldLabel="inpagetitleStickyLinkTitleText"
                        name="./stickyLinkTitleText"
                        xtype="textfield"/>
                    <horizontalRule
                        jcr:primaryType="cq:Widget"
                        defaultValue="yes"
                        fieldLabel="inpagetitleHorizontalRule"
                        name="./horizontalRule"
                        type="radio"
                        xtype="selection">
                        <options jcr:primaryType="cq:WidgetCollection">
                            <yes
                                jcr:primaryType="nt:unstructured"
                                text="Yes"
                                value="yes"/>
                            <no
                                jcr:primaryType="nt:unstructured"
                                text="No"
                                value="no"/>
                        </options>
                    </horizontalRule>
                </items>
            </tab1>
        </items>
    </items>
</jcr:root>
