<?xml version="1.0" encoding="UTF-8"?>
<workspaceFilter version="1.0">
    <filter root="/apps/sling/servlet/errorhandler" />
    <filter root="/apps/cq/dtm" />
    <filter root="/apps/cq/gui/components/authoring/dialog" />
    <filter root="/apps/cq/gui/components/authoring/pagestatus" />
    <filter root="/apps/cq/ui/components/widget" />
    <filter root="/apps/cq/ui/rte/core/plugins" />
    <filter root="/apps/cq/ui/widgets" />
    <filter root="/apps/cq/workflow/extensions/inbox/tbar/back.js" />
    <filter root="/apps/cq/workflow/widgets/source/widgets/Inbox.List.js" />
    <filter root="/apps/cq/xssprotection" />
    <filter root="/apps/granite/core/components" />
    <filter root="/apps/granite/core/content" />
    <filter root="/apps/granite/ui/components/endor/userproperties" />
    <filter root="/apps/granite/ui/components/endor/actionbar/button/button.jsp" />
    <filter root="/apps/granite/ui/components/foundation/clientlibs/foundation/js" />
    <filter root="/apps/granite/ui/components/foundation/form" />
    <filter root="/apps/foundation/components/form/start" />
    <filter root="/apps/foundation/components/form/text" />
    <filter root="/apps/foundation/components/form/radio" />
    <filter root="/apps/foundation/components/form/checkbox" />
    <filter root="/apps/foundation/components/form/submit" />
    <filter root="/apps/foundation/components/form/captcha" />
    <filter root="/apps/foundation/components/form/constraints/date" />
    <filter root="/apps/foundation/components/form/constraints/email" />
    <filter root="/apps/foundation/components/form/constraints/name" />
    <filter root="/apps/foundation/components/form/constraints/numeric" />
    <filter root="/apps/foundation/components/form/constraints/url" />
    <filter root="/apps/foundation/components/form/defaults/field" />
    <filter root="/apps/foundation/components/form/end" />
    <filter root="/apps/foundation/components/form/generalbutton" />
    <filter root="/apps/foundation/components/image" />
    <filter root="/apps/wcm/core/resources/languages" />
    <filter root="/apps/wcm/core/components/designer/designer.css.java" />
    <filter root="/apps/wcm/extensions/contentfinder" />
    <filter root="/apps/dam/gui/components/admin/clientlibs/admin/js/damfileupload.js" />
    <filter root="/apps/cq/analytics/components/sitecatalyst/sitecatalyst.jsp" />
    <filter root="/apps/cq/analytics/components/sitecatalyst/sitecatalyst.js.jsp" />
    <filter root="/apps/cq/analytics/components/sitecatalyst/sitecatalyst.media.js.jsp" />
    <filter root="/apps/cq/workflow/content/notifications" />
    <filter root="/apps/wcm/core/content/damadmin" />
    <filter root="/apps/wcm/core/content/siteadmin" />
    <filter root="/apps/foundation/components/form/actions/edit" />
    <filter root="/apps/foundation/components/form/actions/mail" />
    <filter root="/apps/foundation/components/form/actions/store" />
    <filter root="/apps/foundation/components/account/actions/accountrequest" />
    <filter root="/apps/foundation/components/account/actions/resetpwd" />
    <filter root="/apps/foundation/components/account/actions/setpwd" />
    <filter root="/apps/foundation/components/account/actions/update" />
    <filter root="/apps/foundation/components/profile/form/actions/edit" />
    <filter root="/apps/commerce/components/actions/orderdetails" />
    <filter root="/apps/commerce/components/actions/submitorder" />
    <filter root="/apps/commerce/components/actions/updateorder" />
    <filter root="/apps/mcm/campaign/components/form/actions/saveProfile" />
    <filter root="/apps/mcm/campaign/components/form/actions/subscribe" />
    <filter root="/apps/mcm/campaign/components/form/actions/unsubscribe" />
    <filter root="/apps/mcm/components/cta-form/actions/createLead" />
    <filter root="/apps/mcm/components/cta-form/actions/unsubscribe" />
    <filter root="/apps/social/commons/components/form/actions/create" />
    <filter root="/apps/cq/workflow/components/form/actions/workflow" />
    <filter root="/apps/mcm/components/emailserviceactions/actions/addSubscriber" />
    <filter root="/apps/mcm/components/emailserviceactions/actions/autoResponder" />
    <filter root="/apps/mcm/components/emailserviceactions/actions/deleteSubscriber" />
</workspaceFilter>