<?xml version="1.0" encoding="UTF-8" standalone="no"?>
<!DOCTYPE properties SYSTEM "http://java.sun.com/dtd/properties.dtd">
<properties>
<comment>AIG Global Apps System</comment>
<entry key="createdBy">Karthik.Rajasekher</entry>
<entry key="name">apps_system</entry>
<entry key="created">2016-03-06T16:28:50.898+0530</entry>
<entry key="groupId">com.aig</entry>
<entry key="version">P6.GLB.R9.06-SNAPSHOT</entry>
<entry key="requiresRoot">false</entry>
<entry key="group">aig</entry>
<entry key="description">Design apps system for AIG Global Framework</entry>
<entry key="artifactId">apps_system</entry>
<entry key="path">/etc/packages/aig/apps_system.zip</entry>
</properties>
