<?xml version="1.0" encoding="UTF-8"?>
<jcr:root xmlns:cq="http://www.day.com/jcr/cq/1.0" xmlns:jcr="http://www.jcp.org/jcr/1.0" xmlns:nt="http://www.jcp.org/jcr/nt/1.0"
    jcr:primaryType="cq:Dialog"
    activeTab="{Long}0"
    height="{Long}600"
    helpPath="en/cq/current/wcm/default_components.html#Image"
    width="{Long}600"
    xtype="tabpanel">
    <items jcr:primaryType="cq:WidgetCollection">
        <image
            jcr:primaryType="cq:Widget"
            allowUpload="{Boolean}false"
            cropParameter=""
            ddGroups="[media]"
            fileNameParameter="./fileName"
            fileReferenceParameter="./fileReference"
            mapParameter=""
            name="./file"
            requestSuffix=".img.png"
            rotateParameter=""
            title="Image Properties"
            xtype="html5smartimage"/>
        <advanced
            jcr:primaryType="cq:Widget"
            title="Advanced Properties"
            xtype="panel">
            <items jcr:primaryType="cq:WidgetCollection">
                <alt
                    jcr:primaryType="cq:Widget"
                    fieldDescription="altFieldDescription"
                    fieldLabel="altFieldLabel"
                    name="./alt"
                    required="{Boolean}true"
                    xtype="textfield"/>
                <linkURL
                    jcr:primaryType="cq:Widget"
                    fieldDescription="linkURLFieldDescription"
                    fieldLabel="linkURLFieldLabel"
                    name="./linkURL"
                    xtype="pathfield"/>
                <title
                    jcr:primaryType="cq:Widget"
                    fieldLabel="titleFieldLabel"
                    name="./jcr:title"
                    required="{Boolean}true"
                    xtype="textfield"/>
                <description
                    jcr:primaryType="cq:Widget"
                    fieldLabel="descriptionFieldLabel"
                    name="./jcr:description"
                    xtype="textarea"/>
                <alignment
                    jcr:primaryType="cq:Widget"
                    defaultValue="center"
                    fieldLabel="alignmentFieldLabel"
                    name="./alignment"
                    type="radio"
                    xtype="selection">
                    <options jcr:primaryType="cq:WidgetCollection">
                        <left
                            jcr:primaryType="nt:unstructured"
                            text="leftLabel"
                            value="left"/>
                        <center
                            jcr:primaryType="nt:unstructured"
                            text="centerLabel"
                            value="center"/>
                        <right
                            jcr:primaryType="nt:unstructured"
                            text="rightLabel"
                            value="right"/>
                    </options>
                </alignment>
            </items>
        </advanced>
    </items>
</jcr:root>
