<?xml version="1.0" encoding="UTF-8"?>
<jcr:root xmlns:cq="http://www.day.com/jcr/cq/1.0" xmlns:jcr="http://www.jcp.org/jcr/1.0" xmlns:nt="http://www.jcp.org/jcr/nt/1.0"
    jcr:primaryType="cq:Dialog"
    height="{Long}400"
    stateful="false"
    width="{Long}800"
    xtype="dialog">
    <items
        jcr:primaryType="cq:Widget"
        xtype="tabpanel">
        <items jcr:primaryType="cq:WidgetCollection">
            <claimDialog
                jcr:primaryType="cq:Panel"
                hideMode="offsets"
                title="claimDialog">
                <items jcr:primaryType="cq:WidgetCollection">
                    <title
                        jcr:primaryType="cq:Widget"
                        fieldLabel="claimsTypeTitle"
                        name="./title"
                        xtype="textfield"/>
                    <description
                        jcr:primaryType="cq:Widget"
                        externalStyleSheets="/etc/designs/global/css/rtestyles.css"
                        fieldLabel="description"
                        height="100"
                        hideLabel="{Boolean}false"
                        name="./description"
                        width="200"
                        xtype="richtext">
                        <rtePlugins jcr:primaryType="nt:unstructured">
                            <table
                                jcr:primaryType="nt:unstructured"
                                features="*"/>
                            <format
                                jcr:primaryType="nt:unstructured"
                                features="*"/>
                            <lists
                                jcr:primaryType="nt:unstructured"
                                features="*"/>
                            <justify
                                jcr:primaryType="nt:unstructured"
                                features="*"/>
                            <edit
                                jcr:primaryType="nt:unstructured"
                                features="*"/>
                            <findreplace
                                jcr:primaryType="nt:unstructured"
                                features="*"/>
                            <subsuperscript
                                jcr:primaryType="nt:unstructured"
                                features="*"/>
                            <links
                                jcr:primaryType="nt:unstructured"
                                features="*"/>
                            <undo
                                jcr:primaryType="nt:unstructured"
                                features="*"/>
                            <misctools
                                jcr:primaryType="nt:unstructured"
                                features="[specialchars]">
                                <specialCharsConfig jcr:primaryType="nt:unstructured">
                                    <chars jcr:primaryType="nt:unstructured">
                                        <reg
                                            jcr:primaryType="nt:unstructured"
                                            entity="&amp;#174;"/>
                                        <copyright
                                            jcr:primaryType="nt:unstructured"
                                            entity="&amp;#169;"/>
                                    </chars>
                                </specialCharsConfig>
                            </misctools>
                            <paraformat
                                jcr:primaryType="nt:unstructured"
                                features="*">
                                <formats jcr:primaryType="cq:WidgetCollection">
                                    <p
                                        jcr:primaryType="nt:unstructured"
                                        description="Paragraph"
                                        tag="p"/>
                                    <heading1
                                        jcr:primaryType="nt:unstructured"
                                        description="Heading 1"
                                        tag="h1"/>
                                    <heading2
                                        jcr:primaryType="nt:unstructured"
                                        description="Heading 2"
                                        tag="h2"/>
                                    <heading3
                                        jcr:primaryType="nt:unstructured"
                                        description="Heading 3"
                                        tag="h3"/>
                                    <heading4
                                        jcr:primaryType="nt:unstructured"
                                        description="Heading 4"
                                        tag="h4"/>
                                    <heading5
                                        jcr:primaryType="nt:unstructured"
                                        description="Heading 5"
                                        tag="h5"/>
                                    <heading6
                                        jcr:primaryType="nt:unstructured"
                                        description="Heading 6"
                                        tag="h6"/>
                                </formats>
                            </paraformat>
                            <styles
                                jcr:primaryType="nt:unstructured"
                                features="*">
                                <styles jcr:primaryType="cq:WidgetCollection">
                                    <style1
                                        jcr:primaryType="nt:unstructured"
                                        cssName="fp-gray"
                                        text="richtextStyleGrayText"/>
                                    <style2
                                        jcr:primaryType="nt:unstructured"
                                        cssName="fp-medium"
                                        text="richtextStyleMediumText"/>
                                    <style3
                                        jcr:primaryType="nt:unstructured"
                                        cssName="fp-book"
                                        text="richtextStyleBookText"/>
                                    <style4
                                        jcr:primaryType="nt:unstructured"
                                        cssName="fp-bold"
                                        text="richtextStyleBoldText"/>
                                </styles>
                            </styles>
                        </rtePlugins>
                    </description>
                    <contact
                        jcr:primaryType="cq:Widget"
                        fieldLabel="contact"
                        name="./contact"
                        xtype="multifieldmultifield">
                        <fieldConfig jcr:primaryType="cq:WidgetCollection">
                            <contactIcon
                                jcr:primaryType="cq:Widget"
                                defaultValue="phone"
                                fieldLabel="contactIcon"
                                name="./contactIcon"
                                type="select"
                                value="phone"
                                xtype="selection">
                                <options jcr:primaryType="cq:WidgetCollection">
                                    <phone
                                        jcr:primaryType="nt:unstructured"
                                        text="phone"
                                        value="phone"/>
                                    <fax
                                        jcr:primaryType="nt:unstructured"
                                        text="fax"
                                        value="fax"/>
                                    <email
                                        jcr:primaryType="nt:unstructured"
                                        text="email"
                                        value="email"/>
                                </options>
                            </contactIcon>
                            <contactinfo
                                jcr:primaryType="cq:Widget"
                                emptyText="contactinfo"
                                name="./contactinfo"
                                xtype="textfield"/>
                        </fieldConfig>
                    </contact>
                    <callToActionText
                        jcr:primaryType="cq:Widget"
                        fieldLabel="callToActionText"
                        name="./callToActionText"
                        xtype="textfield"/>
                    <callToActionUrlTitle
                        jcr:primaryType="cq:Widget"
                        fieldLabel="callToActionUrlTitle"
                        name="./callToActionUrlTitle"
                        xtype="textfield"/>                        
                    <callToActionUrl
                        jcr:primaryType="cq:Widget"
                        fieldLabel="callToActionUrl"
                        name="./callToActionUrl"
                        showTitlesInTree="{Boolean}false"
                        xtype="pathfield"/>
                    <cta
                        jcr:primaryType="cq:Widget"
                        fieldLabel="cta"
                        name="./cta"
                        type="radio"
                        xtype="selection">
                        <options jcr:primaryType="cq:WidgetCollection">
                            <yes
                                jcr:primaryType="nt:unstructured"
                                text="yes"
                                value="true"/>
                            <no
                                jcr:primaryType="nt:unstructured"
                                text="no"
                                value="false"/>
                        </options>
                    </cta>
                    <type
                        jcr:primaryType="cq:Widget"
                        defaultValue="personal"
                        fieldLabel="type"
                        name="./type"
                        type="select"
                        fieldDescription="claimTypeFieldDesc"
                        xtype="selection">
                        <options jcr:primaryType="cq:WidgetCollection">
                            <personal
                                jcr:primaryType="nt:unstructured"
                                text="personal"
                                value="personal"/>
                            <business
                                jcr:primaryType="nt:unstructured"
                                text="business"
                                value="business"/>
                        </options>
                    </type>
                    <category
                        jcr:primaryType="cq:Widget"
                        cls="cq-propsdialog-tags"
                        fieldLabel="category"
                        name="./cq:category"
                        xtype="tags"/>
                    <product
                        jcr:primaryType="cq:Widget"
                        cls="cq-propsdialog-tags"
                        fieldLabel="product"
                        name="./cq:product"
                        xtype="tags"/>
                </items>
            </claimDialog>
        </items>
    </items>
    <listeners
        jcr:primaryType="nt:unstructured"
        beforesubmit="function(dialog){&#xa; var callToActionTextLength = dialog.getField(&quot;./callToActionText&quot;).getValue().length;&#xa; var callToActionUrlLength = dialog.getField(&quot;./callToActionUrl&quot;).getValue().length;&#xa; var ctaValue = dialog.getField(&quot;./cta&quot;).getValue();&#xa; if(ctaValue == true &amp;&amp; (callToActionTextLength == 0)){&#xa; CQ.Ext.Msg.show({ &#xa;&#x9;&#x9; title:CQ.I18n.getMessage('ValidationFailed'),&#xa;&#x9;&#x9; msg: CQ.I18n.getMessage('validationMessage'),&#xa;&#x9;&#x9; buttons: CQ.Ext.Msg.OK, &#xa;&#x9;&#x9; icon: CQ.Ext.Msg.ERROR  &#xa;&#x9;}); &#xa;&#x9;return false;&#xa; }&#xa;}"/>
</jcr:root>
