<?xml version="1.0" encoding="UTF-8"?>
<jcr:root xmlns:cq="http://www.day.com/jcr/cq/1.0" xmlns:jcr="http://www.jcp.org/jcr/1.0"
    jcr:primaryType="cq:Dialog"
    width="700"
    xtype="dialog">
    <items
        jcr:primaryType="cq:Widget"
        xtype="tabpanel">
        <items jcr:primaryType="cq:WidgetCollection">
            <tagpanel
                jcr:primaryType="cq:Panel"
                title="tagPanelTitle">
                <items jcr:primaryType="cq:WidgetCollection">
                    <thirdPartyTags
                        jcr:primaryType="cq:Widget"
                        name="./thirdPartyTags"
                        xtype="multicompositefield">
                        <fieldConfigs jcr:primaryType="cq:WidgetCollection">
                            <tagName
                                jcr:primaryType="cq:Widget"
                                fieldLabel="tagName"
                                name="tagName"
                                width="300"
                                xtype="textfield"/>
                            <enableTag
                                jcr:primaryType="cq:Widget"
                                fieldDescription="tagEnableDisableDescription"
                                fieldLabel="tagEnableDisableLabel"
                                name="enableTag"
                                type="checkbox"
                                xtype="selection"/>
                            <pagePath
                                jcr:primaryType="cq:Widget"
                                fieldDescription="tagpagesDescription"
                                fieldLabel="tagpagesLabel"
                                name="pagePath"
                                xtype="multifield">
                                <fieldConfig
                                    jcr:primaryType="cq:Widget"
                                    name="Page Path"
                                    width="155"
                                    xtype="pathfield"/>
                            </pagePath>
                        </fieldConfigs>
                    </thirdPartyTags>
                </items>
            </tagpanel>
        </items>
    </items>
</jcr:root>
