<?xml version="1.0" encoding="UTF-8"?>
<jcr:root xmlns:cq="http://www.day.com/jcr/cq/1.0" xmlns:jcr="http://www.jcp.org/jcr/1.0"
    jcr:primaryType="cq:Dialog"
    height="{Long}400"
    width="{Long}800"
    xtype="dialog">
    <items
        jcr:primaryType="cq:Widget"
        xtype="tabpanel">
        <items jcr:primaryType="cq:WidgetCollection">
            <tab1
                jcr:primaryType="cq:Panel"
                title="imageTilesTab1">
                <items jcr:primaryType="cq:WidgetCollection">
                    <image1
                        jcr:primaryType="cq:Widget"
                        allowUpload="false"
                        autoUploadDelay="1"
                        ddGroups="[media]"
                        fieldLabel="image1"
                        fileNameParameter="./image1/fileName"
                        fileReferenceParameter="./image1FileReference"
                        height="250"
                        mimeTypes="*.jpg;*.jpeg;*.gif;*.png"
                        mimeTypesDescription="Images"
                        name="./image1"
                        sizeLimit="100"
                        title="Image 1"
                        xtype="html5smartimage"/>
                    <image1Alt
                        jcr:primaryType="cq:Widget"
                        fieldLabel="image1Alt"
                        name="./image1Alt"
                        xtype="textfield"/>
                    <url1
                        jcr:primaryType="cq:Widget"
                        fieldLabel="url1"
                        name="./url1"
                        xtype="pathfield"/>
                    <image1Title
                        jcr:primaryType="cq:Widget"
                        fieldLabel="Image 1 Link Title Text"
                        name="./image1Title"
                        xtype="textfield"/>                        
                </items>
            </tab1>
            <tab2
                jcr:primaryType="cq:Panel"
                title="imageTilesTab2">
                <items jcr:primaryType="cq:WidgetCollection">
                    <image2
                        jcr:primaryType="cq:Widget"
                        allowUpload="false"
                        autoUploadDelay="1"
                        ddGroups="[media]"
                        fieldLabel="image2"
                        fileNameParameter="./image2/fileName"
                        fileReferenceParameter="./image2FileReference"
                        height="250"
                        mimeTypes="*.jpg;*.jpeg;*.gif;*.png"
                        mimeTypesDescription="Images"
                        name="./image2"
                        sizeLimit="100"
                        title="Image 2"
                        xtype="html5smartimage"/>
                    <image2Alt
                        jcr:primaryType="cq:Widget"
                        fieldLabel="image2Alt"
                        name="./image2Alt"
                        xtype="textfield"/>
                    <url2
                        jcr:primaryType="cq:Widget"
                        fieldLabel="url2"
                        name="./url2"
                        xtype="pathfield"/>
                    <image2Title
                        jcr:primaryType="cq:Widget"
                        fieldLabel="Image 2 Link Title Text"
                        name="./image2Title"
                        xtype="textfield"/>                        
                </items>
            </tab2>
            <tab3
                jcr:primaryType="cq:Panel"
                title="imageTilesTab3">
                <items jcr:primaryType="cq:WidgetCollection">
                    <image3
                        jcr:primaryType="cq:Widget"
                        allowUpload="false"
                        autoUploadDelay="1"
                        ddGroups="[media]"
                        fieldLabel="image3"
                        fileNameParameter="./image3/fileName"
                        fileReferenceParameter="./image3FileReference"
                        height="250"
                        mimeTypes="*.jpg;*.jpeg;*.gif;*.png"
                        mimeTypesDescription="Images"
                        name="./image3"
                        sizeLimit="100"
                        title="Image 3"
                        xtype="html5smartimage"/>
                    <image3Alt
                        jcr:primaryType="cq:Widget"
                        fieldLabel="image3Alt"
                        name="./image3Alt"
                        xtype="textfield"/>
                    <url3
                        jcr:primaryType="cq:Widget"
                        fieldLabel="url3"
                        name="./url3"
                        xtype="pathfield"/>
                    <image3Title
                        jcr:primaryType="cq:Widget"
                        fieldLabel="Image 3 Link Title Text"
                        name="./image3Title"
                        xtype="textfield"/>                        
                </items>
            </tab3>
        </items>
    </items>
</jcr:root>
