<?xml version="1.0" encoding="UTF-8" standalone="no"?>
<!DOCTYPE properties SYSTEM "http://java.sun.com/dtd/properties.dtd">
<properties>
<comment>AIG Global Apps</comment>
<entry key="createdBy">Karthik.Rajasekher</entry>
<entry key="name">global-apps</entry>
<entry key="created">2016-03-06T16:28:00.495+0530</entry>
<entry key="groupId">com.aig</entry>
<entry key="version">P6.GLB.R9.06-SNAPSHOT</entry>
<entry key="requiresRoot">false</entry>
<entry key="group">aig</entry>
<entry key="description">Design apps for AIG Global Framework</entry>
<entry key="artifactId">global-apps</entry>
<entry key="path">/etc/packages/aig/global-apps.zip</entry>
</properties>
