<?xml version="1.0" encoding="UTF-8"?>
<jcr:root xmlns:cq="http://www.day.com/jcr/cq/1.0" xmlns:jcr="http://www.jcp.org/jcr/1.0" xmlns:nt="http://www.jcp.org/jcr/nt/1.0"
    jcr:primaryType="cq:Dialog"
    title="Twitter Feed Properties"
    xtype="panel">
    <items jcr:primaryType="cq:WidgetCollection">
        <theme
            jcr:primaryType="cq:Widget"
            defaultValue="light"
            fieldLabel="theme"
            name="./theme"
            type="select"
            value="light"
            xtype="selection">
            <options jcr:primaryType="cq:WidgetCollection">
                <light
                    jcr:primaryType="nt:unstructured"
                    text="Light"
                    value="light"/>
                <dark
                    jcr:primaryType="nt:unstructured"
                    text="Dark"
                    value="dark"/>
            </options>
        </theme>
        <links
            jcr:primaryType="cq:Widget"
            defaultValue="Blue"
            fieldLabel="links"
            name="./links"
            type="select"
            value="#0073AE"
            xtype="selection">
            <options jcr:primaryType="cq:WidgetCollection">
                <Blue
                    jcr:primaryType="nt:unstructured"
                    text="Blue"
                    value="#0073AE"/>
                <Violet
                    jcr:primaryType="nt:unstructured"
                    text="Violet"
                    value="#AF006E"/>
                <Green
                    jcr:primaryType="nt:unstructured"
                    text="Green"
                    value="#78A22F"/>
                <Brown
                    jcr:primaryType="nt:unstructured"
                    text="Brown"
                    value="#E36F1E"/>
            </options>
        </links>
        <height
            jcr:primaryType="cq:Widget"
            fieldDescription="heightDescription"
            fieldLabel="height"
            name="./height"
            xtype="textfield"/>
    </items>
</jcr:root>
