<?xml version="1.0" encoding="UTF-8"?>
<jcr:root xmlns:cq="http://www.day.com/jcr/cq/1.0" xmlns:jcr="http://www.jcp.org/jcr/1.0" xmlns:nt="http://www.jcp.org/jcr/nt/1.0"
    jcr:primaryType="cq:Dialog"
    xtype="dialog">
    <items
        jcr:primaryType="cq:Widget"
        xtype="tabpanel">
        <items jcr:primaryType="cq:WidgetCollection">
            <tab1
                jcr:primaryType="cq:Panel"
                title="Color">
                <items jcr:primaryType="cq:WidgetCollection">
                    <color
                        jcr:primaryType="cq:Widget"
                        defaultValue="white"
                        fieldLabel="colorblockColor"
                        name="./color"
                        type="select"
                        xtype="selection">
                        <options jcr:primaryType="cq:WidgetCollection">
                            <white
                                jcr:primaryType="nt:unstructured"
                                text="White"
                                value="white"/>
                            <light-blue
                                jcr:primaryType="nt:unstructured"
                                text="Light Blue"
                                value="lightblue"/>
                        </options>
                    </color>
                </items>
            </tab1>
        </items>
    </items>
</jcr:root>
