<?xml version="1.0" encoding="UTF-8"?>
<jcr:root xmlns:cq="http://www.day.com/jcr/cq/1.0" xmlns:jcr="http://www.jcp.org/jcr/1.0"
    jcr:primaryType="cq:Dialog"
    width="700"
    xtype="dialog">
    <items
        jcr:primaryType="cq:Widget"
        xtype="tabpanel">
        <items jcr:primaryType="cq:WidgetCollection">
            <csspanel
                jcr:primaryType="cq:Panel"
                title="cssPanelTitle">
                <items jcr:primaryType="cq:WidgetCollection">
                    <pageLevelCssLibraries
                        jcr:primaryType="cq:Widget"
                        name="./pageLevelCssLibraries"
                        xtype="multicompositefield">
                        <fieldConfigs jcr:primaryType="cq:WidgetCollection">
                            <media
                                jcr:primaryType="cq:Widget"
                                fieldLabel="mediaTypeLabel"
                                name="printMedia"
                                options="$PATH.printMedia.json"
                                optionsRoot="option"
                                optionsTextField="label"
                                optionsValueField="value"
                                type="select"
                                xtype="selection"/>
                            <cssLibraries
                                jcr:primaryType="cq:Widget"
                                fieldDescription="cssLibraryDescription"
                                fieldLabel="cssLibrary"
                                name="cssLibraries"
                                options="$PATH.cssLibraries.json"
                                optionsRoot="option"
                                optionsTextField="label"
                                optionsValueField="value"
                                type="select"
                                width="300"
                                xtype="selection"/>
                            <enableLibrary
                                jcr:primaryType="cq:Widget"
                                fieldDescription="cssenabledisableDescription"
                                fieldLabel="cssenabledisableLabel"
                                name="enableLibrary"
                                type="checkbox"
                                xtype="selection"/>
                            <pagePath
                                jcr:primaryType="cq:Widget"
                                fieldDescription="csspagesDescription"
                                fieldLabel="csspagesLabel"
                                name="pagePath"
                                xtype="multifield">
                                <fieldConfig
                                    jcr:primaryType="cq:Widget"
                                    name="csspage"
                                    width="155"
                                    xtype="pathfield"/>
                            </pagePath>
                        </fieldConfigs>
                    </pageLevelCssLibraries>
                </items>
            </csspanel>
        </items>
    </items>
</jcr:root>
