<?xml version="1.0" encoding="UTF-8"?>
<jcr:root xmlns:sling="http://sling.apache.org/jcr/sling/1.0" xmlns:cq="http://www.day.com/jcr/cq/1.0" xmlns:jcr="http://www.jcp.org/jcr/1.0" xmlns:nt="http://www.jcp.org/jcr/nt/1.0"
    jcr:primaryType="nt:unstructured"
    jcr:title="columnCntrlTtabTitle"
    sling:resourceType="cq/gui/components/authoring/dialog"
    mode="edit">
    <content
        jcr:primaryType="nt:unstructured"
        sling:resourceType="granite/ui/components/foundation/container">
        <items jcr:primaryType="nt:unstructured">
            <columns
                jcr:primaryType="nt:unstructured"
                sling:resourceType="granite/ui/components/foundation/container">
                <layout
                    jcr:primaryType="nt:unstructured"
                    sling:resourceType="granite/ui/components/foundation/layouts/fixedcolumns"/>
                <items jcr:primaryType="nt:unstructured">
                    <tabs
                        jcr:primaryType="nt:unstructured"
                        sling:resourceType="granite/ui/components/foundation/container">
                        <layout
                            jcr:primaryType="nt:unstructured"
                            sling:resourceType="granite/ui/components/foundation/layouts/tabs"
                            active="{Boolean}true"
                            type="nav"/>
                        <items jcr:primaryType="nt:unstructured">
                            <tab1
                                jcr:primaryType="nt:unstructured"
                                jcr:title="columnCntrlTtabTitle"
                                sling:resourceType="granite/ui/components/foundation/section">
                                <items jcr:primaryType="nt:unstructured">
                                    <coltypes
                                        jcr:primaryType="nt:unstructured"
                                        sling:resourceType="granite/ui/components/foundation/form/select"
                                        fieldLabel="coltypes"
                                        name="./coltypes">
                                        <items jcr:primaryType="nt:unstructured">
                                            <_x0032_col
                                                jcr:primaryType="nt:unstructured"
                                                text="2col"
                                                value="2col"/>
                                            <_x0033_col
                                                jcr:primaryType="nt:unstructured"
                                                text="3col"
                                                value="3col"/>
                                            <_x0034_col
                                                jcr:primaryType="nt:unstructured"
                                                text="4col"
                                                value="4col"/>
                                        </items>
                                    </coltypes>
                                    <_x0032_colsplits
                                        jcr:primaryType="nt:unstructured"
                                        sling:resourceType="granite/ui/components/foundation/form/select"
                                        fieldLabel="2colsplits"
                                        name="./2colsplits">
                                        <items jcr:primaryType="nt:unstructured">
                                            <_x0035_050col
                                                jcr:primaryType="nt:unstructured"
                                                text="50% - 50%"
                                                value="5050col"/>
                                            <_x0032_575col
                                                jcr:primaryType="nt:unstructured"
                                                text="25% - 75%"
                                                value="2575col"/>
                                            <_x0037_525col
                                                jcr:primaryType="nt:unstructured"
                                                text="75% - 25%"
                                                value="7525col"/>
                                            <_x0033_366col
                                                jcr:primaryType="nt:unstructured"
                                                text="33% - 66%"
                                                value="3366col"/>
                                            <_x0036_633col
                                                jcr:primaryType="nt:unstructured"
                                                text="66% - 33%"
                                                value="6633col"/>
                                        </items>
                                    </_x0032_colsplits>
                                    <_x0033_colsplits
                                        jcr:primaryType="nt:unstructured"
                                        sling:resourceType="granite/ui/components/foundation/form/select"
                                        fieldLabel="3colsplits"
                                        name="./3colsplits">
                                        <items jcr:primaryType="nt:unstructured">
                                            <_x0033_33333col
                                                jcr:primaryType="nt:unstructured"
                                                text="33% - 33% - 33%"
                                                value="333333col"/>
                                        </items>
                                    </_x0033_colsplits>
                                    <_x0034_colsplits
                                        jcr:primaryType="nt:unstructured"
                                        sling:resourceType="granite/ui/components/foundation/form/select"
                                        fieldLabel="4colsplits"
                                        name="./4colsplits">
                                        <items jcr:primaryType="nt:unstructured">
                                            <_x0032_5252525col
                                                jcr:primaryType="nt:unstructured"
                                                text="25% - 25% - 25% - 25%"
                                                value="25252525col"/>
                                        </items>
                                    </_x0034_colsplits>
                                    <colcolor1
                                        jcr:primaryType="nt:unstructured"
                                        sling:resourceType="granite/ui/components/foundation/form/select"
                                        fieldLabel="colcolor1"
                                        name="./colcolor1">
                                        <items jcr:primaryType="nt:unstructured">
                                            <white
                                                jcr:primaryType="nt:unstructured"
                                                text="White"
                                                value="white"/>
                                            <light-blue
                                                jcr:primaryType="nt:unstructured"
                                                text="Light Blue"
                                                value="lightblue"/>
                                        </items>
                                    </colcolor1>
                                    <colcolor2
                                        jcr:primaryType="nt:unstructured"
                                        sling:resourceType="granite/ui/components/foundation/form/select"
                                        fieldLabel="colcolor2"
                                        name="./colcolor2">
                                        <items jcr:primaryType="nt:unstructured">
                                            <white
                                                jcr:primaryType="nt:unstructured"
                                                text="White"
                                                value="white"/>
                                            <light-blue
                                                jcr:primaryType="nt:unstructured"
                                                text="Light Blue"
                                                value="lightblue"/>
                                        </items>
                                    </colcolor2>
                                    <colcolor3
                                        jcr:primaryType="nt:unstructured"
                                        sling:resourceType="granite/ui/components/foundation/form/select"
                                        fieldLabel="colcolor3"
                                        name="./colcolor3">
                                        <items jcr:primaryType="nt:unstructured">
                                            <white
                                                jcr:primaryType="nt:unstructured"
                                                text="White"
                                                value="white"/>
                                            <light-blue
                                                jcr:primaryType="nt:unstructured"
                                                text="Light Blue"
                                                value="lightblue"/>
                                        </items>
                                    </colcolor3>
                                    <colcolor4
                                        jcr:primaryType="nt:unstructured"
                                        sling:resourceType="granite/ui/components/foundation/form/select"
                                        fieldLabel="colcolor4"
                                        name="./colcolor4">
                                        <items jcr:primaryType="nt:unstructured">
                                            <white
                                                jcr:primaryType="nt:unstructured"
                                                text="White"
                                                value="white"/>
                                            <light-blue
                                                jcr:primaryType="nt:unstructured"
                                                text="Light Blue"
                                                value="lightblue"/>
                                        </items>
                                    </colcolor4>
                                </items>
                            </tab1>
                        </items>
                    </tabs>
                </items>
            </columns>
        </items>
    </content>
</jcr:root>
