<?xml version="1.0" encoding="UTF-8"?>
<jcr:root xmlns:cq="http://www.day.com/jcr/cq/1.0" xmlns:jcr="http://www.jcp.org/jcr/1.0" xmlns:nt="http://www.jcp.org/jcr/nt/1.0"
    jcr:primaryType="cq:Dialog"
    width="800"
    xtype="dialog">
    <items
        jcr:primaryType="cq:Widget"
        xtype="tabpanel">
        <items jcr:primaryType="cq:WidgetCollection">
            <tab1
                jcr:primaryType="cq:Panel"
                title="headerLogoTab">
                <items jcr:primaryType="cq:WidgetCollection">
                    <image
                        jcr:primaryType="cq:Widget"
                        allowUpload="false"
                        autoUploadDelay="1"
                        ddGroups="[media]"
                        fieldLabel="headerLogo"
                        fileNameParameter="./imageName"
                        fileReferenceParameter="./imageReference"
                        height="250"
                        mimeTypes="*.jpg;*.jpeg;*.gif;*.png"
                        mimeTypesDescription="Images"
                        name="./image"
                        sizeLimit="100"
                        title="Image"
                        xtype="html5smartimage"/>
                    <logoAltText
                        jcr:primaryType="cq:Widget"
                        fieldLabel="headerLogoAltText"
                        name="./logoAltText"
                        xtype="textfield"/>
                    <logoUrl
                        jcr:primaryType="cq:Widget"
                        fieldLabel="headerLogoUrl"
                        name="./logoUrl"
                        xtype="pathfield"/>
                    <logoTitleText
                        jcr:primaryType="cq:Widget"
                        fieldLabel="headerLogoTitleText"
                        name="./logoTitleText"
                        xtype="textfield"/>
                    <useInherited
                        jcr:primaryType="cq:Widget"
                        defaultValue="true"
                        fieldLabel="headerLogoUseInherited"
                        name="./useInherited"
                        type="radio"
                        value="true"
                        xtype="selection">
                        <options jcr:primaryType="cq:WidgetCollection">
                            <true
                                jcr:primaryType="nt:unstructured"
                                text="Yes"
                                value="true"/>
                            <false
                                jcr:primaryType="nt:unstructured"
                                text="No"
                                value="false"/>
                        </options>
                    </useInherited>
                </items>
            </tab1>
        </items>
    </items>
    <cq:listeners
        jcr:primaryType="cq:EditListenersConfig"
        afteredit="REFRESH_PAGE"/>
</jcr:root>
