<?xml version="1.0" encoding="UTF-8"?>
<jcr:root xmlns:cq="http://www.day.com/jcr/cq/1.0" xmlns:jcr="http://www.jcp.org/jcr/1.0" xmlns:nt="http://www.jcp.org/jcr/nt/1.0"
    jcr:primaryType="cq:Dialog"
    xtype="dialog">
    <items
        jcr:primaryType="cq:Widget"
        xtype="tabpanel">
        <items jcr:primaryType="cq:WidgetCollection">
            <tab1
                jcr:primaryType="cq:Panel"
                title="damwhitelistconfigJcrTitle">
                <items jcr:primaryType="cq:WidgetCollection">
                    <fileExtension
                        jcr:primaryType="cq:Widget"
                        allowBlank="false"
                        fieldDescription="damwhitelistconfigFileExtensionDescription"
                        fieldLabel="damwhitelistconfigFileExtension"
                        regex="/^[.].*/"
                        regexText="mustStartWithDotError"                       
                        name="./fileExtension"
                        xtype="textfield"/>
                    <allowedPath
                        jcr:primaryType="cq:Widget"
                        allowBlank="false"
                        fieldDescription="&#xa;supported asset location in DAM"
                        fieldLabel="damwhitelistconfigAllowedPath"
                        name="./allowedPath"
                        xtype="pathfield"/>
                    <includeDescendants
                        jcr:primaryType="cq:Widget"
                        defaultValue="Yes"
                        fieldDescription="damwhitelistconfigIncludeDescendantsDescription"
                        fieldLabel="damwhitelistconfigIncludeDescendants"
                        name="./includeDescendants"
                        value="Yes"
                        xtype="selection">
                        <options jcr:primaryType="cq:WidgetCollection">
                            <yes
                                jcr:primaryType="nt:unstructured"
                                text="yesText"
                                value="Yes"/>
                            <no
                                jcr:primaryType="nt:unstructured"
                                text="noText"
                                value="No"/>
                        </options>
                    </includeDescendants>
                </items>
            </tab1>
        </items>
    </items>
</jcr:root>
