<?xml version="1.0" encoding="UTF-8"?>
<jcr:root xmlns:sling="http://sling.apache.org/jcr/sling/1.0" xmlns:cq="http://www.day.com/jcr/cq/1.0" xmlns:jcr="http://www.jcp.org/jcr/1.0" xmlns:nt="http://www.jcp.org/jcr/nt/1.0"
    jcr:primaryType="nt:unstructured"
    jcr:title="Image"
    sling:resourceType="cq/gui/components/authoring/dialog"
    helpPath="en/cq/current/wcm/default_components.html#Image">
    <content
        jcr:primaryType="nt:unstructured"
        sling:resourceType="granite/ui/components/foundation/container">
        <layout
            jcr:primaryType="nt:unstructured"
            sling:resourceType="granite/ui/components/foundation/layouts/fixedcolumns"/>
        <items jcr:primaryType="nt:unstructured">
            <column
                jcr:primaryType="nt:unstructured"
                sling:resourceType="granite/ui/components/foundation/container">
                <items jcr:primaryType="nt:unstructured">
                    <alt
                        jcr:primaryType="nt:unstructured"
                        sling:resourceType="granite/ui/components/foundation/form/textfield"
                        fieldDescription="altFieldDescription"
                        fieldLabel="altFieldLabel"
                        name="./alt"
                        required="{Boolean}true"/>
                    <linkURL
                        jcr:primaryType="nt:unstructured"
                        sling:resourceType="granite/ui/components/foundation/form/pathbrowser"
                        fieldDescription="linkURLFieldDescription"
                        fieldLabel="linkURLFieldLabel"
                        name="./linkURL"
                        rootPath="/content"/>
                    <title
                        jcr:primaryType="nt:unstructured"
                        sling:resourceType="granite/ui/components/foundation/form/textfield"
                        fieldLabel="titleFieldLabel"
                        name="./jcr:title"
                        required="{Boolean}true"/>
                    <description
                        jcr:primaryType="nt:unstructured"
                        sling:resourceType="granite/ui/components/foundation/form/textarea"
                        fieldLabel="descriptionFieldLabel"
                        name="./jcr:description"/>
                    <alignment
                        jcr:primaryType="nt:unstructured"
                        sling:resourceType="granite/ui/components/foundation/form/fieldset"
                        text="alignmentFieldLabel">
                        <items jcr:primaryType="nt:unstructured">
                            <left
                                jcr:primaryType="nt:unstructured"
                                sling:resourceType="granite/ui/components/foundation/form/radio"
                                name="./alignment"
                                text="leftLabel"
                                value="left"/>
                            <center
                                jcr:primaryType="nt:unstructured"
                                sling:resourceType="granite/ui/components/foundation/form/radio"
                                checked="{Boolean}true"
                                name="./alignment"
                                text="centerLabel"
                                value="center"/>
                            <right
                                jcr:primaryType="nt:unstructured"
                                sling:resourceType="granite/ui/components/foundation/form/radio"
                                name="./alignment"
                                text="rightLabel"
                                value="right"/>
                        </items>
                    </alignment>
                    <size
                        jcr:primaryType="nt:unstructured"
                        sling:resourceType=""
                        fieldLabel="sizeFieldLabel">
                        <width
                            jcr:primaryType="nt:unstructured"
                            sling:resourceType="granite/ui/components/foundation/form/numberfield"
                            defaultValue=""
                            emptyText="Width"
                            name="./width"/>
                        <height
                            jcr:primaryType="nt:unstructured"
                            sling:resourceType="granite/ui/components/foundation/form/numberfield"
                            defaultValue=""
                            emptyText="Height"
                            name="./height"/>
                    </size>
                </items>
            </column>
        </items>
    </content>
</jcr:root>
